id,first_name,last_name,email,gender,ip_address,money
1,Timi,Escreet,tescreet0@facebook.com,Female,142.162.25.208,$2.09
2,Halsey,Tinghill,htinghill1@artisteer.com,Male,95.209.158.116,$5.07
3,Cordi,McVity,cmcvity2@pen.io,Female,193.52.118.161,$5.13
4,Roseanna,Berisford,rberisford3@storify.com,Polygender,45.137.231.133,$5.46
5,Noami,Rummins,nrummins4@sourceforge.net,Female,230.114.149.96,$3.90
6,Jacki,Duny,jduny5@mysql.com,Female,212.7.10.11,$0.62
7,Karlee,Abethell,kabethell6@domainmarket.com,Female,25.38.99.114,$9.16
8,Lucina,Corsan,lcorsan7@va.gov,Female,6.237.145.234,$6.15
9,Dexter,Bumfrey,dbumfrey8@deliciousdays.com,Male,125.232.34.151,$1.95
10,Charlena,Sawers,csawers9@canalblog.com,Female,213.1.155.65,$2.58
11,Astra,Keely,akeelya@livejournal.com,Female,127.12.90.192,$9.51
12,Ivor,Reynault,ireynaultb@bbc.co.uk,Male,134.80.177.113,$4.23
13,Bud,Rosingdall,brosingdallc@tamu.edu,Male,114.34.241.230,$5.36
14,Drud,Iglesias,diglesiasd@live.com,Male,136.237.218.91,$4.69
15,Dav,Drever,ddrevere@icq.com,Male,129.158.137.71,$5.15
16,Cale,Stickland,csticklandf@scientificamerican.com,Male,128.94.14.134,$4.93
17,Adlai,Hansie,ahansieg@feedburner.com,Male,215.179.8.77,$2.76
18,Eleanora,Hover,ehoverh@odnoklassniki.ru,Female,182.201.139.47,$1.98
19,Maxie,Stubbings,mstubbingsi@multiply.com,Female,176.33.154.252,$0.94
20,Delora,Campes,dcampesj@dmoz.org,Female,14.26.107.3,$8.88
21,Chery,Mallows,cmallowsk@engadget.com,Female,155.234.4.139,$1.80
22,Meredithe,Stubbeley,mstubbeleyl@marriott.com,Female,167.250.208.182,$4.38
23,Norean,O'Hannigan,nohanniganm@npr.org,Female,185.53.162.121,$6.68
24,Roldan,Brayley,rbrayleyn@prweb.com,Male,37.219.138.236,$8.37
25,Burton,Wantling,bwantlingo@a8.net,Male,74.154.169.209,$9.74
26,Robert,Trewhitt,rtrewhittp@unc.edu,Male,123.189.250.245,$9.29
27,Davey,Dybald,ddybaldq@discuz.net,Male,202.27.106.65,$8.00
28,Hildagarde,Macias,hmaciasr@sourceforge.net,Female,34.190.127.178,$6.18
29,Hewe,Putt,hputts@unicef.org,Male,230.97.84.17,$1.94
30,Janos,Bocke,jbocket@noaa.gov,Male,29.55.239.164,$5.36
31,Marcel,Kordovani,mkordovaniu@meetup.com,Male,20.171.111.232,$6.89
32,Kalli,Lamblot,klamblotv@chron.com,Female,2.179.228.159,$2.12
33,Clarabelle,enzley,cenzleyw@cnbc.com,Female,148.148.156.55,$9.10
34,Nedda,Baden,nbadenx@hao123.com,Female,154.184.4.83,$7.07
35,Carlin,Theuff,ctheuffy@facebook.com,Female,26.3.30.7,$5.31
36,Emmalynn,Watkinson,ewatkinsonz@house.gov,Female,83.88.160.51,$2.15
37,Estella,Leal,eleal10@loc.gov,Female,136.244.161.110,$7.42
38,Eilis,Woolmore,ewoolmore11@un.org,Female,188.58.34.212,$5.57
39,Robers,Rosina,rrosina12@comsenz.com,Male,18.179.198.155,$0.08
40,Jaine,Keysel,jkeysel13@pbs.org,Female,57.197.102.99,$0.04
41,Cart,Loffill,cloffill14@si.edu,Male,200.133.115.129,$0.74
42,Aurel,Artois,aartois15@webeden.co.uk,Female,120.164.209.67,$7.27
43,Ber,O'Lenane,bolenane16@upenn.edu,Male,79.152.179.157,$2.59
44,Dyanna,Rosling,drosling17@nih.gov,Agender,191.62.100.31,$8.25
45,Kahaleel,Zoane,kzoane18@ezinearticles.com,Male,102.42.52.67,$3.55
46,Isadora,Balderstone,ibalderstone19@oakley.com,Female,117.86.125.0,$9.35
47,Alessandro,Ericssen,aericssen1a@youku.com,Male,31.207.62.23,$7.70
48,Ferdy,Tuxwell,ftuxwell1b@blogtalkradio.com,Male,42.252.235.30,$2.99
49,Adolf,Goldes,agoldes1c@cornell.edu,Male,50.170.218.9,$7.49
50,Uri,Huban,uhuban1d@deviantart.com,Male,153.35.186.20,$1.04
51,Lorne,Cullingworth,lcullingworth1e@issuu.com,Male,87.49.183.128,$7.71
52,Fleming,Quernel,fquernel1f@google.cn,Male,14.1.146.237,$7.71
53,Demeter,Imm,dimm1g@prnewswire.com,Female,230.137.6.4,$8.36
54,Dulcie,Nother,dnother1h@infoseek.co.jp,Female,174.27.62.145,$1.76
55,Harmony,Segot,hsegot1i@phoca.cz,Female,147.94.15.14,$3.89
56,Mayor,Moneti,mmoneti1j@guardian.co.uk,Male,209.50.81.255,$8.44
57,Hoyt,Poulgreen,hpoulgreen1k@hud.gov,Male,55.13.136.104,$8.25
58,Shaw,Jiroutek,sjiroutek1l@wikispaces.com,Bigender,180.207.205.61,$9.78
59,Aguste,Bassick,abassick1m@accuweather.com,Male,119.127.81.13,$5.85
60,Nevins,Maurice,nmaurice1n@netscape.com,Agender,132.6.116.195,$3.28
61,Ferris,Faier,ffaier1o@yolasite.com,Male,209.207.201.181,$5.05
62,Ailee,Kermannes,akermannes1p@about.me,Female,173.28.235.107,$7.13
63,Arlena,Cassie,acassie1q@topsy.com,Female,119.31.112.73,$3.66
64,Trudey,Probey,tprobey1r@nsw.gov.au,Female,140.129.199.212,$6.88
65,Roberta,Crevagh,rcrevagh1s@examiner.com,Female,2.29.199.251,$3.66
66,Bernetta,McGeaney,bmcgeaney1t@drupal.org,Female,76.195.150.236,$0.46
67,Ulysses,Kabos,ukabos1u@unicef.org,Male,204.178.114.137,$1.87
68,Georgia,Brewett,gbrewett1v@wikia.com,Female,76.230.2.184,$1.11
69,Wilburt,Genner,wgenner1w@devhub.com,Male,95.231.143.44,$7.45
70,Hoebart,Pearl,hpearl1x@opera.com,Male,0.140.154.180,$2.00
71,Kalle,Arnett,karnett1y@facebook.com,Male,74.228.6.137,$1.79
72,Delcina,Capper,dcapper1z@indiegogo.com,Female,16.239.87.205,$4.27
73,Rodney,Tire,rtire20@skyrock.com,Male,130.76.99.226,$0.63
74,Cordula,Hully,chully21@privacy.gov.au,Female,25.205.2.220,$6.09
75,Brien,Reape,breape22@sogou.com,Male,112.189.141.99,$3.46
76,Lurleen,Zoren,lzoren23@slideshare.net,Female,149.140.12.149,$6.78
77,Garek,Nunns,gnunns24@sfgate.com,Male,246.211.28.85,$6.42
78,Ursuline,Brunone,ubrunone25@naver.com,Female,27.196.92.40,$6.25
79,Abbie,Shorten,ashorten26@sciencedirect.com,Male,42.178.84.249,$1.79
80,Matthew,Buglass,mbuglass27@webeden.co.uk,Male,13.46.17.24,$8.34
81,Abey,Dikle,adikle28@eepurl.com,Male,52.71.197.31,$7.92
82,Shurwood,Linturn,slinturn29@scribd.com,Male,72.28.29.115,$9.18
83,Rowland,Rotherforth,rrotherforth2a@tamu.edu,Male,59.134.148.30,$9.06
84,Page,Scholar,pscholar2b@cnet.com,Male,31.97.72.50,$8.19
85,Selena,Alexsandrovich,salexsandrovich2c@meetup.com,Female,108.4.253.98,$8.41
86,Odey,Livard,olivard2d@ezinearticles.com,Agender,227.202.66.42,$3.81
87,Ignace,Studde,istudde2e@com.com,Male,59.245.208.26,$0.41
88,Koressa,Trussler,ktrussler2f@admin.ch,Female,215.194.144.5,$4.03
89,Cristionna,Woan,cwoan2g@friendfeed.com,Agender,41.167.175.175,$3.55
90,Bonny,McWhan,bmcwhan2h@hc360.com,Female,221.128.83.19,$3.10
91,Agneta,McCarroll,amccarroll2i@unicef.org,Female,14.67.122.18,$8.27
92,Ruby,Martonfi,rmartonfi2j@dell.com,Non-binary,205.207.34.128,$6.74
93,Gilbertine,Rollason,grollason2k@umn.edu,Female,252.209.215.44,$5.63
94,Thorn,Breitling,tbreitling2l@nhs.uk,Male,95.10.121.37,$7.65
95,Sasha,Skirven,sskirven2m@mlb.com,Male,202.57.14.222,$4.63
96,Kally,Plunket,kplunket2n@google.fr,Female,193.228.133.163,$4.53
97,Kellby,Hainning,khainning2o@clickbank.net,Male,38.2.173.69,$9.02
98,Hobard,O'Hearn,hohearn2p@businessinsider.com,Male,44.134.189.20,$9.90
99,Huberto,Gilbert,hgilbert2q@nba.com,Male,215.100.229.135,$9.16
100,Eolanda,McAulay,emcaulay2r@networksolutions.com,Female,159.52.132.251,$5.85
101,Goldi,Asser,gasser2s@soup.io,Female,36.209.231.105,$2.57
102,Dino,Scrafton,dscrafton2t@com.com,Male,227.135.108.51,$8.64
103,Vivyanne,Treagust,vtreagust2u@example.com,Female,106.224.89.66,$1.08
104,Isidore,Stoak,istoak2v@github.io,Male,195.66.1.224,$8.30
105,Otha,Hargey,ohargey2w@ted.com,Polygender,79.66.239.224,$2.43
106,Shaw,Sheekey,ssheekey2x@biglobe.ne.jp,Male,96.33.217.225,$1.58
107,Cooper,O'Hartnedy,cohartnedy2y@usatoday.com,Male,142.176.22.135,$4.38
108,Alexi,Ruter,aruter2z@cmu.edu,Female,145.172.108.48,$6.43
109,Albertine,Karpychev,akarpychev30@springer.com,Female,213.194.234.179,$4.43
110,Essie,Cota,ecota31@blogs.com,Bigender,167.37.115.18,$8.38
111,Mignon,Lawless,mlawless32@blogtalkradio.com,Female,103.141.77.220,$2.15
112,Keen,Sterre,ksterre33@gnu.org,Male,118.170.69.228,$8.48
113,Adair,Spoors,aspoors34@so-net.ne.jp,Male,130.197.31.240,$7.35
114,Vivianne,Issitt,vissitt35@china.com.cn,Female,132.122.241.109,$5.58
115,Georgie,Haburne,ghaburne36@nbcnews.com,Female,211.220.71.210,$8.24
116,Enos,Hayworth,ehayworth37@arstechnica.com,Male,61.247.114.197,$3.33
117,Barri,Locket,blocket38@jiathis.com,Non-binary,174.165.180.149,$8.39
118,Omar,Eates,oeates39@about.com,Male,113.113.7.194,$0.35
119,Codie,Heggman,cheggman3a@google.ru,Female,165.115.175.131,$8.65
120,Joachim,Bergin,jbergin3b@nifty.com,Male,47.104.225.167,$2.60
121,Verney,Donald,vdonald3c@wikipedia.org,Male,200.99.93.219,$8.99
122,Shoshana,Gaukroger,sgaukroger3d@aboutads.info,Agender,185.101.216.165,$3.23
123,Papagena,Ditt,pditt3e@webs.com,Female,152.7.162.105,$8.43
124,Liesa,O'Hanlon,lohanlon3f@senate.gov,Female,139.22.121.203,$0.72
125,Hercules,Juden,hjuden3g@ow.ly,Male,114.79.97.214,$6.65
126,Upton,Goult,ugoult3h@google.com.br,Male,209.92.109.135,$3.98
127,Victor,Bowie,vbowie3i@upenn.edu,Male,250.210.166.149,$1.31
128,Harrison,Lisciandri,hlisciandri3j@lycos.com,Male,152.254.161.130,$0.66
129,Bethany,Wilfing,bwilfing3k@usnews.com,Female,3.59.196.175,$4.15
130,Cinderella,Gerault,cgerault3l@ed.gov,Female,37.107.154.137,$5.95
131,Deanne,Addey,daddey3m@mail.ru,Female,201.93.243.106,$3.26
132,Solomon,Noon,snoon3n@accuweather.com,Male,12.196.119.25,$0.42
133,Chadd,Guenther,cguenther3o@blogger.com,Male,128.194.156.59,$3.56
134,Arnie,Padkin,apadkin3p@infoseek.co.jp,Male,35.216.65.235,$4.36
135,Cart,Cortez,ccortez3q@globo.com,Male,234.130.67.155,$8.12
136,Kristel,Scaddon,kscaddon3r@youtube.com,Female,188.75.59.182,$7.16
137,Jany,Brafferton,jbrafferton3s@miitbeian.gov.cn,Agender,127.39.10.106,$2.10
138,Ronna,Chupin,rchupin3t@apple.com,Female,56.174.133.208,$8.49
139,Lenard,MacCaughen,lmaccaughen3u@miitbeian.gov.cn,Agender,162.146.108.147,$5.49
140,Helen-elizabeth,Brisley,hbrisley3v@arizona.edu,Female,160.246.30.181,$4.08
141,Celinka,Purkiss,cpurkiss3w@trellian.com,Female,42.111.222.191,$7.17
142,Solomon,Proud,sproud3x@instagram.com,Male,198.66.156.213,$4.21
143,Conant,Offer,coffer3y@canalblog.com,Male,151.57.167.77,$6.60
144,Court,Yakutin,cyakutin3z@parallels.com,Male,24.78.133.131,$5.59
145,Abagael,Siward,asiward40@liveinternet.ru,Female,108.162.128.43,$1.96
146,Garry,Netting,gnetting41@amazon.co.jp,Male,46.159.186.71,$5.00
147,Timmi,Spatarul,tspatarul42@slideshare.net,Genderqueer,28.77.128.112,$1.35
148,Glenna,Turbat,gturbat43@ezinearticles.com,Bigender,254.29.165.80,$8.59
149,Willard,Batterham,wbatterham44@twitter.com,Male,216.39.157.191,$5.93
150,Ferdie,Maddick,fmaddick45@marriott.com,Male,93.97.231.249,$0.22
151,Pearline,Austing,pausting46@who.int,Female,212.241.51.55,$9.72
152,Althea,Hoys,ahoys47@sourceforge.net,Female,63.171.43.185,$4.95
153,Dennison,Maides,dmaides48@virginia.edu,Bigender,205.98.105.234,$4.78
154,Merilyn,Fulton,mfulton49@google.fr,Female,14.123.180.23,$0.62
155,Robbi,Issacoff,rissacoff4a@businessinsider.com,Genderqueer,226.162.90.9,$5.73
156,Irene,Waterfall,iwaterfall4b@163.com,Female,138.173.65.178,$6.79
157,Aryn,Stivani,astivani4c@disqus.com,Female,104.200.18.98,$6.09
158,Ode,Couchman,ocouchman4d@mozilla.org,Male,188.135.192.38,$4.87
159,Eugenio,Barthod,ebarthod4e@fastcompany.com,Male,69.230.138.64,$6.78
160,Sandy,Darleston,sdarleston4f@nasa.gov,Male,113.239.30.141,$9.63
161,Virgie,Grossier,vgrossier4g@networksolutions.com,Male,241.24.48.235,$2.72
162,Northrop,Mulbery,nmulbery4h@mlb.com,Male,48.168.128.163,$2.72
163,Jeralee,Jerosch,jjerosch4i@amazon.de,Female,133.127.20.166,$0.96
164,Stuart,Ortler,sortler4j@gizmodo.com,Male,208.65.114.135,$9.70
165,Jessi,MacShirie,jmacshirie4k@wikispaces.com,Female,139.167.17.39,$2.62
166,Silvanus,Strutt,sstrutt4l@utexas.edu,Male,23.142.6.204,$3.90
167,Donelle,Counter,dcounter4m@home.pl,Female,164.105.107.55,$1.12
168,Levy,Touzey,ltouzey4n@webnode.com,Male,76.112.49.108,$4.95
169,Delmer,Lanigan,dlanigan4o@harvard.edu,Genderqueer,88.240.157.30,$9.95
170,Lanny,Keer,lkeer4p@feedburner.com,Male,59.13.156.243,$8.61
171,Nevin,Severs,nsevers4q@hp.com,Male,171.229.205.59,$3.51
172,Marcela,Meaden,mmeaden4r@typepad.com,Female,18.15.242.116,$6.00
173,Winfield,Lanon,wlanon4s@ifeng.com,Male,185.226.191.236,$9.60
174,Noel,Elcoat,nelcoat4t@go.com,Female,63.119.12.85,$6.91
175,Giana,Loder,gloder4u@gmpg.org,Female,184.12.164.0,$1.69
176,Giselle,Heinrich,gheinrich4v@soundcloud.com,Female,110.231.165.12,$0.12
177,Crissie,Northedge,cnorthedge4w@huffingtonpost.com,Female,79.93.113.212,$6.34
178,Kristian,Brumbie,kbrumbie4x@barnesandnoble.com,Male,150.203.178.103,$9.43
179,Denys,Lightfoot,dlightfoot4y@ehow.com,Female,114.92.223.67,$8.38
180,Seana,Poker,spoker4z@gov.uk,Female,106.152.149.85,$9.58
181,Gerianne,Cake,gcake50@accuweather.com,Female,235.23.104.72,$1.01
182,Ambur,Jerzycowski,ajerzycowski51@com.com,Female,234.19.146.10,$8.31
183,Thaine,Deaconson,tdeaconson52@ustream.tv,Male,183.244.220.132,$8.74
184,Debera,La Batie,dlabatie53@hatena.ne.jp,Female,242.41.115.229,$5.44
185,Putnam,Pauleit,ppauleit54@aboutads.info,Male,7.249.38.238,$1.24
186,Hadley,Ros,hros55@prweb.com,Genderqueer,10.192.46.231,$8.54
187,Hettie,Rumke,hrumke56@w3.org,Female,248.82.168.178,$3.91
188,Jamaal,Stronough,jstronough57@admin.ch,Agender,96.205.124.192,$6.28
189,Garrott,McGettigan,gmcgettigan58@house.gov,Male,6.124.239.255,$5.90
190,Florina,Longega,flongega59@mapy.cz,Female,236.35.131.197,$0.04
191,Dori,Camolli,dcamolli5a@thetimes.co.uk,Female,112.26.90.28,$5.19
192,Lanie,Angove,langove5b@topsy.com,Female,246.100.106.24,$9.29
193,Nissie,Excell,nexcell5c@free.fr,Female,22.70.4.108,$1.21
194,Helen-elizabeth,Durrand,hdurrand5d@toplist.cz,Female,19.64.217.108,$7.60
195,Sonny,Labrenz,slabrenz5e@multiply.com,Female,210.241.161.76,$0.89
196,Ronnie,Urwen,rurwen5f@tamu.edu,Male,140.154.197.202,$2.13
197,Darcie,Portinari,dportinari5g@cloudflare.com,Female,169.26.216.5,$9.51
198,Sigismondo,Boorne,sboorne5h@geocities.com,Male,17.53.65.106,$0.68
199,Dorree,Burkinshaw,dburkinshaw5i@example.com,Female,63.205.247.121,$3.96
200,Brewer,Tuffield,btuffield5j@posterous.com,Male,218.94.219.239,$7.45
201,Estrella,Hartzenberg,ehartzenberg5k@blogs.com,Female,107.36.171.72,$9.24
202,Adaline,Hathorn,ahathorn5l@bandcamp.com,Female,210.43.30.133,$5.53
203,Bruce,Clementson,bclementson5m@chronoengine.com,Male,183.195.229.9,$3.66
204,Debi,Tyas,dtyas5n@desdev.cn,Female,218.250.117.104,$0.12
205,Darin,Kornacki,dkornacki5o@paginegialle.it,Male,93.129.159.102,$7.05
206,Whitaker,Vampouille,wvampouille5p@usgs.gov,Male,73.233.242.34,$4.58
207,Lion,Sterricks,lsterricks5q@wikipedia.org,Male,0.229.92.242,$5.83
208,Fraser,Simka,fsimka5r@howstuffworks.com,Male,113.198.26.159,$4.18
209,Quintana,Debrick,qdebrick5s@so-net.ne.jp,Female,55.166.30.251,$1.79
210,Garrott,Clousley,gclousley5t@netlog.com,Male,44.206.160.97,$4.83
211,Lena,Alyokhin,lalyokhin5u@pagesperso-orange.fr,Female,206.215.247.78,$7.65
212,Kahlil,Calender,kcalender5v@cloudflare.com,Male,164.177.154.188,$5.64
213,Sherri,Edgin,sedgin5w@exblog.jp,Female,5.22.80.132,$8.12
214,Hobie,Gatheral,hgatheral5x@usa.gov,Male,32.54.160.215,$4.56
215,Tobias,Bitcheno,tbitcheno5y@independent.co.uk,Non-binary,162.88.26.64,$0.84
216,Juli,Marquet,jmarquet5z@goo.gl,Female,140.220.113.159,$7.35
217,Shepard,Maffey,smaffey60@miibeian.gov.cn,Male,91.96.196.168,$9.91
218,Dallas,Klampk,dklampk61@aol.com,Female,150.174.122.223,$9.51
219,Pepita,Beavors,pbeavors62@studiopress.com,Female,81.125.151.62,$4.47
220,Ellswerth,Diggell,ediggell63@rakuten.co.jp,Male,52.129.247.8,$2.98
221,Yolande,Bolstridge,ybolstridge64@pagesperso-orange.fr,Female,85.132.182.218,$6.57
222,Fernanda,Sheringham,fsheringham65@patch.com,Genderqueer,26.70.27.140,$9.14
223,Allina,Tumasian,atumasian66@nyu.edu,Female,42.112.168.190,$4.77
224,Kimberley,Jenicek,kjenicek67@tiny.cc,Genderfluid,202.76.49.130,$2.02
225,Rainer,Happer,rhapper68@chicagotribune.com,Male,80.110.179.90,$5.61
226,Allen,Thurlby,athurlby69@angelfire.com,Male,222.102.126.23,$8.71
227,Geneva,Kinloch,gkinloch6a@naver.com,Female,237.66.160.234,$6.31
228,Daron,Newham,dnewham6b@ucsd.edu,Male,206.16.209.78,$9.72
229,Elva,Pilger,epilger6c@google.nl,Non-binary,110.194.74.98,$1.55
230,Terrie,Gudyer,tgudyer6d@nps.gov,Female,58.17.240.27,$8.50
231,Tracy,Rosindill,trosindill6e@mediafire.com,Male,221.31.44.151,$4.71
232,Marylee,Leneham,mleneham6f@cpanel.net,Female,170.153.161.194,$1.81
233,Randi,Cockram,rcockram6g@creativecommons.org,Male,83.239.145.20,$5.68
234,Maddie,Clew,mclew6h@scientificamerican.com,Female,113.242.160.138,$4.33
235,Gerrard,Duny,gduny6i@blogspot.com,Male,30.13.249.112,$1.11
236,Randi,D'eye,rdeye6j@engadget.com,Genderfluid,233.247.83.144,$7.42
237,Brenn,Twinterman,btwinterman6k@uiuc.edu,Female,11.11.243.121,$6.97
238,Datha,Lansbury,dlansbury6l@shop-pro.jp,Female,248.147.136.81,$2.00
239,Candi,Winnard,cwinnard6m@amazon.co.jp,Female,231.39.134.111,$1.96
240,Viole,Manicomb,vmanicomb6n@is.gd,Female,226.158.145.63,$8.01
241,Georgy,Fayers,gfayers6o@salon.com,Male,248.95.137.188,$3.82
242,Jeffry,Petrulis,jpetrulis6p@phpbb.com,Male,252.136.53.157,$5.04
243,Bettine,Scardifield,bscardifield6q@mlb.com,Female,104.1.70.0,$6.66
244,Galven,Witul,gwitul6r@sciencedirect.com,Male,112.9.244.75,$6.42
245,Ethyl,Seamon,eseamon6s@ifeng.com,Female,237.80.161.59,$8.62
246,Libby,Veare,lveare6t@jalbum.net,Female,219.123.225.14,$4.67
247,Lezley,Dresse,ldresse6u@mapy.cz,Male,40.58.147.99,$8.53
248,Claribel,Ivanchin,civanchin6v@yelp.com,Female,187.116.183.26,$0.30
249,Bone,Devon,bdevon6w@deviantart.com,Male,207.153.110.105,$5.72
250,Harwilll,Brack,hbrack6x@cbslocal.com,Male,106.133.40.199,$1.77
251,Krissy,Etheridge,ketheridge6y@macromedia.com,Female,101.170.178.107,$7.04
252,Amerigo,Peirazzi,apeirazzi6z@dion.ne.jp,Male,190.238.228.234,$1.94
253,Aile,Hevey,ahevey70@parallels.com,Female,154.185.167.36,$2.78
254,Alyce,Narrie,anarrie71@scientificamerican.com,Female,248.58.227.1,$7.26
255,Samson,Giovannardi,sgiovannardi72@chronoengine.com,Male,86.157.203.17,$0.41
256,Dolley,Coplestone,dcoplestone73@unicef.org,Agender,181.9.123.102,$5.71
257,Kaitlyn,Warby,kwarby74@multiply.com,Female,242.184.159.79,$9.98
258,Patric,Momery,pmomery75@t-online.de,Male,145.201.137.105,$1.35
259,Mayor,Haggerston,mhaggerston76@abc.net.au,Male,176.31.210.87,$5.17
260,Caitrin,Steptow,csteptow77@symantec.com,Female,193.35.143.98,$1.44
261,Tiena,Surpliss,tsurpliss78@jiathis.com,Female,226.191.194.241,$2.71
262,Jarib,Torbard,jtorbard79@cdbaby.com,Male,214.234.120.246,$9.51
263,Tammy,Triswell,ttriswell7a@joomla.org,Female,170.110.165.216,$9.96
264,Tab,Claypoole,tclaypoole7b@4shared.com,Male,134.234.24.64,$7.38
265,Winne,Teager,wteager7c@infoseek.co.jp,Female,27.141.111.59,$2.37
266,Cordey,Newburn,cnewburn7d@a8.net,Female,133.210.39.169,$0.31
267,Ulrikaumeko,Gleadle,ugleadle7e@xrea.com,Female,81.216.138.15,$6.52
268,Basia,Tidcombe,btidcombe7f@ftc.gov,Female,182.214.125.233,$0.17
269,Dieter,O'Hone,dohone7g@java.com,Male,107.142.209.125,$4.85
270,Leif,Dellenbroker,ldellenbroker7h@reference.com,Male,173.119.64.80,$4.38
271,Ari,Ofer,aofer7i@princeton.edu,Male,32.168.248.83,$2.07
272,Dannie,Stocks,dstocks7j@chicagotribune.com,Female,44.28.143.114,$7.37
273,Llewellyn,Monan,lmonan7k@sciencedirect.com,Male,49.255.74.235,$9.65
274,Beau,Albers,balbers7l@chron.com,Male,173.195.206.37,$8.45
275,Cymbre,Drewet,cdrewet7m@webmd.com,Female,203.165.225.84,$9.29
276,Cooper,Keijser,ckeijser7n@howstuffworks.com,Male,242.44.211.68,$2.41
277,Kiley,Walkley,kwalkley7o@macromedia.com,Female,254.165.219.27,$3.96
278,Lezley,Galey,lgaley7p@printfriendly.com,Male,185.229.11.205,$3.45
279,Biron,Jzak,bjzak7q@ucoz.com,Male,186.121.184.218,$3.40
280,Lavinia,Copo,lcopo7r@cafepress.com,Female,61.203.253.155,$3.49
281,Roseline,Wye,rwye7s@europa.eu,Female,131.50.38.245,$6.79
282,Natalya,Stihl,nstihl7t@archive.org,Female,134.13.221.138,$7.05
283,Edie,Gorman,egorman7u@cbsnews.com,Female,46.180.20.69,$6.66
284,Eustacia,Ellice,eellice7v@psu.edu,Female,157.36.171.54,$1.73
285,Christan,Godbert,cgodbert7w@mac.com,Female,156.16.65.40,$4.24
286,Caitrin,Bushnell,cbushnell7x@moonfruit.com,Female,86.24.195.249,$4.03
287,Windham,Lorkings,wlorkings7y@wufoo.com,Male,163.206.119.157,$9.36
288,Silvain,Gerald,sgerald7z@ucoz.com,Male,105.137.92.29,$8.47
289,Nicol,Giddens,ngiddens80@sciencedaily.com,Female,168.187.138.136,$4.55
290,Cary,Gheeraert,cgheeraert81@nyu.edu,Female,51.11.49.124,$5.89
291,Lesli,Birrell,lbirrell82@1688.com,Genderfluid,211.200.99.86,$0.76
292,Broddie,Blunt,bblunt83@abc.net.au,Male,56.113.125.73,$7.57
293,Keven,Kliche,kkliche84@canalblog.com,Male,145.29.221.133,$7.00
294,Izabel,Minards,iminards85@rediff.com,Female,175.120.56.93,$3.94
295,Randolph,Mitten,rmitten86@fotki.com,Male,51.164.186.253,$2.54
296,Robin,Le Noire,rlenoire87@umich.edu,Female,197.250.155.199,$6.57
297,Weylin,Pate,wpate88@yale.edu,Male,37.50.240.46,$6.39
298,Clayborne,Syversen,csyversen89@si.edu,Male,17.42.40.108,$2.85
299,Flss,Yakuntsov,fyakuntsov8a@deliciousdays.com,Genderqueer,134.212.25.159,$6.60
300,Kattie,Dunhill,kdunhill8b@hexun.com,Female,28.202.162.164,$3.49
301,Jacquette,Nimmo,jnimmo8c@goodreads.com,Female,247.51.51.232,$3.41
302,Erskine,Stamps,estamps8d@comcast.net,Male,115.86.202.17,$0.56
303,Phillie,Maggiore,pmaggiore8e@vk.com,Female,230.89.167.253,$5.25
304,Dominic,Estoile,destoile8f@reference.com,Male,237.30.59.93,$7.75
305,Maddie,Rosbottom,mrosbottom8g@ihg.com,Male,61.210.181.222,$7.91
306,Klarrisa,Seak,kseak8h@skype.com,Female,18.206.118.7,$9.41
307,Thibaut,Heibl,theibl8i@macromedia.com,Male,187.94.59.60,$9.68
308,Jacob,Ornillos,jornillos8j@acquirethisname.com,Male,224.162.202.232,$7.48
309,Cesaro,Ostrich,costrich8k@1688.com,Male,192.119.146.186,$1.99
310,Adelle,McPeice,amcpeice8l@time.com,Female,131.138.235.137,$2.73
311,Jermain,Witherington,jwitherington8m@ehow.com,Male,34.154.108.231,$2.10
312,Belita,Millsom,bmillsom8n@hao123.com,Female,228.223.186.209,$3.85
313,Bryanty,Trethewey,btrethewey8o@wordpress.org,Male,240.65.238.33,$4.73
314,Laraine,Hoffner,lhoffner8p@github.io,Female,129.194.96.37,$3.64
315,Cahra,Rosen,crosen8q@nps.gov,Female,186.251.35.43,$1.15
316,Merle,Baselli,mbaselli8r@symantec.com,Male,161.232.148.223,$2.01
317,Aubry,Daoust,adaoust8s@tripadvisor.com,Female,113.218.26.37,$6.70
318,Katrinka,Malthouse,kmalthouse8t@telegraph.co.uk,Female,1.5.89.244,$0.12
319,Tasha,Humphries,thumphries8u@parallels.com,Female,118.48.122.213,$3.80
320,Sheilakathryn,Burgot,sburgot8v@creativecommons.org,Female,82.72.16.98,$1.54
321,Ikey,Marrington,imarrington8w@phpbb.com,Male,241.9.71.139,$2.15
322,Amitie,Ivashintsov,aivashintsov8x@360.cn,Female,16.188.45.84,$0.07
323,Had,McQuarter,hmcquarter8y@canalblog.com,Male,201.21.103.245,$5.33
324,Ediva,Stanex,estanex8z@sitemeter.com,Female,17.244.142.5,$6.70
325,Angelico,Haylock,ahaylock90@barnesandnoble.com,Male,11.44.96.49,$8.72
326,Lotti,Duffree,lduffree91@sitemeter.com,Female,70.22.65.195,$4.20
327,Lombard,Hanington,lhanington92@opensource.org,Male,57.248.14.200,$8.35
328,Scott,Juanico,sjuanico93@photobucket.com,Male,29.147.186.165,$0.10
329,Nanni,Kearsley,nkearsley94@canalblog.com,Female,226.10.15.248,$1.46
330,Leonid,Worham,lworham95@google.com.hk,Male,110.129.217.9,$1.57
331,Isahella,Bryning,ibryning96@phpbb.com,Female,41.177.88.86,$5.20
332,Vernor,Metts,vmetts97@bbb.org,Male,98.164.5.110,$4.03
333,Jillian,Cargo,jcargo98@joomla.org,Genderqueer,14.1.247.184,$5.89
334,Kari,Stoddart,kstoddart99@youtube.com,Female,222.122.101.244,$5.92
335,Jodee,Readings,jreadings9a@go.com,Female,205.182.35.51,$9.14
336,Oralee,Conahy,oconahy9b@netvibes.com,Female,217.12.121.82,$1.57
337,Stanleigh,Spurriar,sspurriar9c@mysql.com,Male,89.244.26.207,$2.63
338,Pernell,Dosedale,pdosedale9d@webmd.com,Male,231.242.227.41,$3.51
339,Katey,Ettles,kettles9e@google.co.jp,Female,74.160.31.34,$4.93
340,Keeley,De Courtney,kdecourtney9f@google.ca,Female,198.255.203.149,$4.44
341,Julius,Diviney,jdiviney9g@free.fr,Male,74.219.141.18,$3.41
342,Lowe,Popescu,lpopescu9h@dion.ne.jp,Genderqueer,80.62.138.197,$4.15
343,Leelah,Haton,lhaton9i@wsj.com,Female,200.19.132.77,$4.06
344,Harriett,Palk,hpalk9j@reverbnation.com,Female,169.211.225.36,$8.82
345,Evyn,Beinke,ebeinke9k@geocities.jp,Male,123.19.88.237,$8.48
346,Richie,Rashleigh,rrashleigh9l@fastcompany.com,Male,41.224.152.56,$4.77
347,Jasmin,Cordingley,jcordingley9m@baidu.com,Female,247.21.158.233,$5.21
348,Isabeau,Woodberry,iwoodberry9n@reuters.com,Female,1.46.220.168,$0.57
349,Christine,Lenglet,clenglet9o@aol.com,Female,181.76.237.158,$1.78
350,Julie,Sherwyn,jsherwyn9p@tinyurl.com,Female,114.63.20.248,$4.85
351,Shaine,Hastilow,shastilow9q@google.ru,Male,135.73.102.179,$7.61
352,Caroljean,Christofol,cchristofol9r@discuz.net,Female,20.243.169.125,$6.26
353,Aridatha,Skade,askade9s@i2i.jp,Agender,131.81.81.68,$5.94
354,Barnebas,Karchowski,bkarchowski9t@etsy.com,Male,0.150.231.200,$5.89
355,Issi,Lambshine,ilambshine9u@weibo.com,Agender,72.164.39.131,$2.76
356,Bucky,Dowears,bdowears9v@fc2.com,Male,102.107.207.93,$0.65
357,Padriac,Conkie,pconkie9w@cnbc.com,Male,156.41.157.131,$1.26
358,Kiri,Friedenbach,kfriedenbach9x@independent.co.uk,Female,108.102.103.221,$0.63
359,Philbert,Lavalde,plavalde9y@biblegateway.com,Male,109.71.91.98,$3.51
360,Teodor,Larcher,tlarcher9z@jalbum.net,Male,136.80.155.208,$9.56
361,Lyssa,Gandrich,lgandricha0@constantcontact.com,Female,18.84.97.73,$7.21
362,Nerti,Artingstall,nartingstalla1@1688.com,Female,199.57.60.92,$6.19
363,Clio,Jime,cjimea2@fastcompany.com,Bigender,16.173.27.182,$4.12
364,Cassandre,Nethercott,cnethercotta3@networksolutions.com,Genderfluid,57.61.134.148,$0.01
365,Milka,Kenworthey,mkenwortheya4@hud.gov,Female,82.151.95.123,$1.09
366,Any,Kruger,akrugera5@bbc.co.uk,Male,252.169.207.75,$0.94
367,Killy,Josefowicz,kjosefowicza6@va.gov,Male,15.208.182.89,$5.77
368,Julianne,Swepstone,jswepstonea7@independent.co.uk,Polygender,220.177.0.49,$6.73
369,Gerry,Maron,gmarona8@pinterest.com,Male,116.49.225.215,$4.49
370,Carline,Arnaldi,carnaldia9@google.ca,Female,18.94.187.145,$8.40
371,Shepard,Hurlestone,shurlestoneaa@harvard.edu,Male,0.162.111.158,$3.81
372,Andeee,Southby,asouthbyab@rediff.com,Female,177.136.79.186,$3.31
373,Wylie,O'Sherrin,wosherrinac@xing.com,Male,62.46.30.178,$6.87
374,Elnar,Gunston,egunstonad@histats.com,Male,214.187.135.160,$2.10
375,Dallon,Smerdon,dsmerdonae@bandcamp.com,Male,100.232.163.57,$2.89
376,Florina,Wetherald,fwetheraldaf@amazonaws.com,Female,37.28.10.153,$0.52
377,Karon,Ryding,krydingag@blogspot.com,Genderfluid,175.3.116.11,$0.27
378,Larry,Cadman,lcadmanah@skyrock.com,Male,31.163.204.102,$4.74
379,Becka,Pocock,bpocockai@altervista.org,Female,23.126.233.47,$0.89
380,Christophorus,Akister,cakisteraj@bbc.co.uk,Male,87.139.76.33,$4.99
381,Juan,Van Dijk,jvandijkak@free.fr,Male,177.87.95.35,$4.62
382,Arabelle,Swyre,aswyreal@webs.com,Female,80.155.77.98,$5.66
383,Laurence,O'Gorman,logormanam@google.com,Male,167.36.52.244,$4.51
384,Bart,Van Hesteren,bvanhesterenan@angelfire.com,Male,47.62.213.35,$3.54
385,Garvin,Ellam,gellamao@shop-pro.jp,Male,94.168.195.160,$8.14
386,Padgett,Lawtey,plawteyap@rakuten.co.jp,Male,168.124.242.101,$2.49
387,Matti,Dimitriades,mdimitriadesaq@omniture.com,Female,88.132.22.83,$0.63
388,Becki,Ianilli,bianilliar@xing.com,Female,232.189.254.113,$9.79
389,Arthur,Binney,abinneyas@prnewswire.com,Male,170.40.146.59,$7.77
390,Chevalier,McVity,cmcvityat@wp.com,Male,193.129.21.219,$1.21
391,Claybourne,MacKellen,cmackellenau@sciencedirect.com,Male,24.224.136.166,$6.97
392,Freddy,Burgoyne,fburgoyneav@ehow.com,Male,156.195.144.189,$1.74
393,Netty,Seeman,nseemanaw@linkedin.com,Female,22.40.222.170,$5.31
394,Patience,Fermor,pfermorax@sciencedaily.com,Female,1.79.239.253,$5.01
395,Loutitia,Brennand,lbrennanday@ifeng.com,Female,237.241.182.60,$2.37
396,Patty,Elldred,pelldredaz@economist.com,Female,191.94.64.109,$1.51
397,Franny,Fallowfield,ffallowfieldb0@marketwatch.com,Female,203.204.101.30,$1.58
398,Vaughan,Idel,videlb1@cafepress.com,Male,133.10.17.206,$9.17
399,Jocelin,Durrett,jdurrettb2@360.cn,Female,178.221.142.45,$1.80
400,Vilhelmina,Sorrie,vsorrieb3@sciencedirect.com,Female,163.36.181.143,$8.06
401,Bebe,Capaldi,bcapaldib4@upenn.edu,Female,54.196.44.75,$5.55
402,Costanza,Roback,crobackb5@blogs.com,Female,195.229.214.57,$0.74
403,Rodrick,Fullom,rfullomb6@digg.com,Male,115.216.48.153,$7.58
404,Binnie,Jentges,bjentgesb7@tmall.com,Bigender,56.104.216.255,$3.93
405,Hamlen,Preshaw,hpreshawb8@sakura.ne.jp,Male,50.97.123.46,$7.54
406,Olimpia,Goodhall,ogoodhallb9@shutterfly.com,Female,39.151.185.205,$2.77
407,Ardeen,Zaniolini,azanioliniba@usnews.com,Female,211.36.188.138,$5.89
408,Dore,Sallenger,dsallengerbb@who.int,Female,123.221.253.130,$4.67
409,Pierette,Leaburn,pleaburnbc@mediafire.com,Female,252.93.132.99,$1.71
410,Lem,Stickley,lstickleybd@t.co,Male,2.255.209.49,$2.01
411,Koral,Crowdace,kcrowdacebe@forbes.com,Female,56.107.33.238,$2.73
412,Olvan,Cain,ocainbf@ustream.tv,Male,22.174.194.68,$9.42
413,Sharity,Petchell,spetchellbg@bing.com,Bigender,97.185.160.185,$6.55
414,Faustina,Ferrar,fferrarbh@salon.com,Female,203.101.40.23,$7.92
415,Reta,Corthes,rcorthesbi@cnbc.com,Female,151.180.92.102,$2.78
416,Duffie,Kibby,dkibbybj@dion.ne.jp,Male,180.200.150.27,$6.24
417,Essa,Goulstone,egoulstonebk@wikia.com,Female,86.154.213.206,$0.39
418,Domeniga,Hylden,dhyldenbl@linkedin.com,Polygender,109.159.150.55,$2.20
419,Myles,Covington,mcovingtonbm@skype.com,Male,23.231.177.249,$7.45
420,Lela,Kubacki,lkubackibn@yellowbook.com,Female,73.76.27.40,$5.04
421,Arni,Anton,aantonbo@who.int,Male,100.45.233.55,$7.56
422,Langston,Day,ldaybp@163.com,Male,176.62.46.90,$3.00
423,Nicky,Ludlem,nludlembq@fda.gov,Bigender,231.226.16.199,$7.95
424,Morse,Venning,mvenningbr@harvard.edu,Male,57.175.110.82,$2.26
425,Magdaia,Leonarde,mleonardebs@guardian.co.uk,Female,229.204.8.98,$3.11
426,Bobine,Tander,btanderbt@ft.com,Female,74.164.80.22,$9.70
427,Jania,Tomkins,jtomkinsbu@economist.com,Female,15.73.232.103,$8.07
428,Bernadina,Glasebrook,bglasebrookbv@diigo.com,Female,7.168.204.145,$8.71
429,Errol,Farrans,efarransbw@cargocollective.com,Male,255.244.151.42,$5.32
430,Howard,Kingaby,hkingabybx@hugedomains.com,Male,255.27.201.26,$2.67
431,Dallon,Peatt,dpeattby@businessinsider.com,Male,150.230.220.14,$0.98
432,Rosy,Slipper,rslipperbz@vinaora.com,Female,206.140.206.175,$0.79
433,Harald,Balshen,hbalshenc0@dell.com,Male,88.192.240.43,$5.67
434,Ulrick,Smurfit,usmurfitc1@comcast.net,Genderfluid,171.49.138.239,$6.78
435,Cesaro,Chesser,cchesserc2@de.vu,Male,193.177.97.99,$1.92
436,Lek,Bottomer,lbottomerc3@hubpages.com,Male,15.154.152.88,$2.71
437,Shep,Hulance,shulancec4@globo.com,Male,141.29.122.112,$4.23
438,Augustine,Spinage,aspinagec5@netlog.com,Female,13.213.127.247,$7.28
439,Anabella,Danshin,adanshinc6@ameblo.jp,Female,254.200.126.137,$7.51
440,Hyacinthia,Wisham,hwishamc7@chronoengine.com,Female,121.30.42.69,$4.33
441,Giacopo,Gilbert,ggilbertc8@shareasale.com,Male,248.245.62.240,$8.46
442,Gerick,Stanlake,gstanlakec9@sogou.com,Male,31.32.128.47,$4.21
443,Glen,Kilpin,gkilpinca@sciencedirect.com,Male,76.44.5.187,$5.77
444,Adeline,Hathway,ahathwaycb@sourceforge.net,Female,98.202.196.81,$5.65
445,Angele,Gowler,agowlercc@noaa.gov,Female,25.185.143.242,$4.88
446,Bartie,Linham,blinhamcd@ox.ac.uk,Male,91.88.197.114,$3.56
447,Heriberto,Nellen,hnellence@ted.com,Male,224.129.237.219,$4.44
448,Shirlene,Tawton,stawtoncf@elegantthemes.com,Female,173.178.182.242,$0.78
449,Nat,Acaster,nacastercg@foxnews.com,Male,196.210.60.174,$3.82
450,Sheilakathryn,Duddle,sduddlech@istockphoto.com,Female,67.195.65.75,$1.15
451,Jermain,Woosnam,jwoosnamci@deliciousdays.com,Male,170.156.96.225,$5.19
452,Sheilakathryn,Toulamain,stoulamaincj@cyberchimps.com,Female,230.105.212.89,$1.47
453,Sue,Rogerson,srogersonck@plala.or.jp,Female,1.116.248.145,$9.38
454,Logan,Hiner,lhinercl@nature.com,Male,178.129.13.42,$1.93
455,Myer,Mannakee,mmannakeecm@columbia.edu,Male,137.129.40.207,$0.36
456,Sayers,Keppe,skeppecn@sohu.com,Male,11.192.63.105,$6.04
457,Brody,Kitchen,bkitchenco@chicagotribune.com,Male,157.99.88.157,$9.21
458,Katya,Quoit,kquoitcp@epa.gov,Female,13.53.105.43,$9.08
459,Christopher,Bonefant,cbonefantcq@booking.com,Male,3.32.150.255,$9.34
460,Pauly,Carnow,pcarnowcr@fotki.com,Male,104.57.228.75,$7.56
461,Dal,Sherborne,dsherbornecs@ebay.com,Male,40.35.244.210,$3.34
462,Sky,Simper,ssimperct@discuz.net,Male,56.128.175.52,$0.89
463,Pat,Casier,pcasiercu@wordpress.org,Female,231.72.199.61,$7.13
464,Lee,Florence,lflorencecv@eepurl.com,Male,90.153.4.73,$4.68
465,Kristi,Chishull,kchishullcw@sohu.com,Non-binary,35.248.73.123,$3.68
466,Mickey,MacVay,mmacvaycx@hubpages.com,Male,97.78.143.247,$9.64
467,Noami,Dominighi,ndominighicy@themeforest.net,Female,46.243.12.24,$9.42
468,Amitie,Kubala,akubalacz@quantcast.com,Female,198.80.84.120,$3.01
469,Ruperta,Steers,rsteersd0@redcross.org,Female,245.204.51.92,$9.26
470,Victoria,Lisett,vlisettd1@bing.com,Female,118.104.187.231,$6.91
471,Rockwell,Thorns,rthornsd2@unicef.org,Male,66.24.232.140,$5.87
472,Silva,Kopke,skopked3@symantec.com,Genderfluid,173.152.228.119,$7.44
473,Raquela,Raise,rraised4@xrea.com,Female,182.45.62.56,$3.14
474,Bertie,Gilliver,bgilliverd5@japanpost.jp,Genderqueer,53.157.169.60,$6.38
475,Gordie,Blachford,gblachfordd6@prlog.org,Male,202.157.247.137,$4.90
476,Fabio,Rickeard,frickeardd7@nps.gov,Male,182.110.206.217,$3.98
477,Terrill,Dondon,tdondond8@bravesites.com,Male,187.33.124.251,$7.17
478,Thomasine,Giorgetti,tgiorgettid9@dedecms.com,Female,174.250.62.18,$9.63
479,Rosita,Scimonelli,rscimonellida@samsung.com,Female,60.24.18.224,$1.70
480,Quill,Merrywether,qmerrywetherdb@elpais.com,Agender,59.20.140.192,$5.09
481,Buddy,Netherwood,bnetherwooddc@hibu.com,Male,34.104.92.66,$0.74
482,Fayette,Moberley,fmoberleydd@usgs.gov,Female,70.128.13.56,$7.12
483,Tuckie,Axleby,taxlebyde@123-reg.co.uk,Genderqueer,232.41.100.237,$2.16
484,Elmo,Ivancevic,eivancevicdf@mail.ru,Male,102.223.168.112,$7.51
485,Cody,Shard,csharddg@gnu.org,Male,194.95.40.62,$8.97
486,Willabella,Sherington,wsheringtondh@mysql.com,Female,160.155.78.183,$6.36
487,Morlee,Addis,maddisdi@sciencedirect.com,Male,130.138.112.31,$4.90
488,Meridel,Anstiss,manstissdj@wordpress.org,Female,183.35.72.47,$6.63
489,Ciro,Kennerknecht,ckennerknechtdk@bigcartel.com,Male,249.85.210.66,$9.33
490,Minna,Gley,mgleydl@answers.com,Genderqueer,215.227.224.179,$8.14
491,Corbin,Blakiston,cblakistondm@japanpost.jp,Male,109.63.252.6,$3.67
492,Kippie,Semarke,ksemarkedn@hostgator.com,Male,40.86.160.59,$6.89
493,Correna,Greenrod,cgreenroddo@google.cn,Female,106.161.193.108,$9.90
494,Evaleen,Hedworth,ehedworthdp@51.la,Female,225.162.47.77,$0.66
495,Felita,Humbee,fhumbeedq@marriott.com,Non-binary,216.41.71.244,$6.44
496,Mikey,Jansky,mjanskydr@jiathis.com,Male,115.241.47.123,$5.30
497,Hugh,Abercromby,habercrombyds@flavors.me,Male,39.101.54.155,$1.79
498,Mike,D' Angelo,mdangelodt@slideshare.net,Male,142.157.120.250,$6.98
499,Hunter,Tollerton,htollertondu@japanpost.jp,Male,29.59.228.184,$7.62
500,Ray,Jovic,rjovicdv@homestead.com,Male,110.16.230.154,$1.64
501,Lanna,Ellery,lellerydw@studiopress.com,Polygender,222.192.237.155,$6.96
502,Nanice,Henkmann,nhenkmanndx@pagesperso-orange.fr,Female,24.165.74.180,$8.85
503,Flinn,Porkiss,fporkissdy@tuttocitta.it,Male,211.39.29.92,$8.59
504,Kerwinn,McGarrell,kmcgarrelldz@bbc.co.uk,Male,189.40.190.123,$8.59
505,Lemmie,Dachey,ldacheye0@nationalgeographic.com,Male,15.41.214.124,$1.94
506,Way,Mossop,wmossope1@mozilla.com,Male,139.141.203.94,$7.20
507,Blake,Monan,bmonane2@state.gov,Male,188.230.112.78,$2.61
508,Loy,Buxcy,lbuxcye3@cmu.edu,Male,86.80.153.49,$6.77
509,Averell,Menis,amenise4@chicagotribune.com,Male,189.220.33.93,$9.87
510,Marianna,Lundon,mlundone5@indiegogo.com,Female,190.175.2.163,$7.68
511,Major,Dally,mdallye6@istockphoto.com,Male,79.246.13.76,$0.05
512,Lelia,Garry,lgarrye7@paypal.com,Female,236.110.52.175,$5.73
513,Elizabeth,Shanklin,eshankline8@dmoz.org,Female,71.165.184.91,$3.19
514,Stan,Hattam,shattame9@youtube.com,Male,105.34.251.51,$0.91
515,Berkley,Pund,bpundea@latimes.com,Male,153.70.154.238,$8.36
516,Kalindi,Barley,kbarleyeb@arstechnica.com,Female,4.50.104.164,$9.29
517,Whitney,Shoulders,wshouldersec@google.de,Female,64.83.40.2,$0.92
518,Chrisse,Meyer,cmeyered@cnn.com,Male,129.53.208.248,$5.73
519,Rowney,Macieiczyk,rmacieiczykee@engadget.com,Male,197.68.241.42,$1.81
520,Meggie,Klosges,mklosgesef@gizmodo.com,Female,171.136.87.35,$1.80
521,Juan,Lumsdon,jlumsdoneg@artisteer.com,Male,190.213.254.200,$9.59
522,Lissie,Heaysman,lheaysmaneh@yolasite.com,Female,120.242.30.226,$1.89
523,Abigail,Dressel,adresselei@wikipedia.org,Genderqueer,202.14.13.141,$4.96
524,Dalis,Blackaller,dblackallerej@netscape.com,Bigender,105.113.251.106,$5.93
525,Eugenius,Triggs,etriggsek@utexas.edu,Male,111.138.15.88,$3.02
526,Gusta,Eaglesham,geagleshamel@nymag.com,Female,190.139.5.18,$8.40
527,Fara,Angove,fangoveem@ycombinator.com,Female,133.12.214.30,$7.77
528,Janette,Ferenczy,jferenczyen@yahoo.com,Polygender,110.252.163.216,$9.06
529,Curr,Chad,cchadeo@deliciousdays.com,Male,119.76.223.42,$1.44
530,Salaidh,Enrigo,senrigoep@prlog.org,Female,110.203.45.57,$1.61
531,Reagan,Cypler,rcyplereq@tinypic.com,Male,32.38.123.88,$9.68
532,Arlyn,Tapner,atapnerer@economist.com,Bigender,78.209.99.100,$7.60
533,Agatha,Bygate,abygatees@theatlantic.com,Female,3.149.122.32,$3.61
534,Bellina,Tooby,btoobyet@ustream.tv,Female,25.109.223.185,$3.72
535,Cindra,Skettles,cskettleseu@cisco.com,Female,185.31.170.194,$4.67
536,Zitella,Heaton,zheatonev@weather.com,Genderfluid,36.214.201.107,$7.62
537,Kimberlyn,Tollow,ktollowew@techcrunch.com,Female,149.145.41.99,$6.51
538,Rockie,Mostyn,rmostynex@delicious.com,Male,73.9.8.58,$6.76
539,Dietrich,Bellfield,dbellfieldey@time.com,Male,24.180.100.233,$9.26
540,Emmet,Timbrell,etimbrellez@indiatimes.com,Male,53.44.158.106,$3.21
541,Abner,Hakonsson,ahakonssonf0@mysql.com,Non-binary,209.246.244.220,$7.85
542,Harrison,Teacy,hteacyf1@gizmodo.com,Male,121.200.229.98,$9.84
543,Gusta,Howerd,ghowerdf2@t-online.de,Female,171.253.121.218,$7.45
544,Catherin,Stoffersen,cstoffersenf3@utexas.edu,Genderqueer,38.176.75.153,$4.24
545,Hersh,Dunkerk,hdunkerkf4@ed.gov,Male,194.77.109.165,$7.26
546,Theo,Kondrat,tkondratf5@kickstarter.com,Male,91.119.219.167,$8.23
547,Bord,MacAnellye,bmacanellyef6@alibaba.com,Male,186.198.222.38,$4.20
548,Hetty,Kither,hkitherf7@timesonline.co.uk,Female,249.44.3.159,$3.99
549,Glynn,Gaynor,ggaynorf8@photobucket.com,Male,146.230.14.147,$1.00
550,Barnabe,Lofting,bloftingf9@constantcontact.com,Male,44.108.238.126,$8.03
551,Tobin,Will,twillfa@craigslist.org,Male,59.195.34.216,$2.62
552,Rickie,Faunt,rfauntfb@opensource.org,Male,124.251.45.190,$8.47
553,Nancee,Piddick,npiddickfc@deviantart.com,Female,219.217.122.221,$8.36
554,Rourke,Gabbett,rgabbettfd@diigo.com,Male,90.249.24.219,$0.78
555,Giselbert,Osmar,gosmarfe@china.com.cn,Male,246.250.138.23,$3.80
556,Waldemar,Chaikovski,wchaikovskiff@pen.io,Male,233.219.105.194,$1.27
557,Normand,Burstowe,nburstowefg@ycombinator.com,Male,34.80.114.244,$4.38
558,Lorri,Bendin,lbendinfh@yandex.ru,Female,208.36.243.245,$0.41
559,Ranice,Sabathier,rsabathierfi@domainmarket.com,Female,172.245.205.129,$2.72
560,Kiele,Negal,knegalfj@shareasale.com,Female,218.212.205.111,$4.83
561,Adan,Wenzel,awenzelfk@com.com,Male,44.97.140.90,$6.50
562,Lillian,Sore,lsorefl@craigslist.org,Female,61.54.53.139,$7.22
563,Benjie,Sallowaye,bsallowayefm@w3.org,Male,189.139.126.27,$9.63
564,Timofei,Brown,tbrownfn@google.com.br,Male,223.101.86.138,$7.08
565,Clerc,Orgen,corgenfo@weebly.com,Male,106.71.208.103,$4.11
566,Roshelle,Serman,rsermanfp@posterous.com,Female,230.107.35.171,$2.36
567,Barbabra,Sobey,bsobeyfq@pinterest.com,Female,130.61.226.161,$5.90
568,Emalee,Pietruschka,epietruschkafr@drupal.org,Female,179.134.41.170,$6.88
569,Rowland,Halse,rhalsefs@printfriendly.com,Male,228.94.64.166,$5.58
570,Burr,Galway,bgalwayft@cam.ac.uk,Male,174.37.141.1,$8.34
571,Richmound,Gallimore,rgallimorefu@shop-pro.jp,Male,198.249.118.145,$1.16
572,Norah,Okroy,nokroyfv@npr.org,Female,186.170.54.54,$3.17
573,Salvidor,Rountree,srountreefw@yahoo.co.jp,Male,21.240.100.30,$4.15
574,Kiley,Herkess,kherkessfx@digg.com,Female,141.148.105.110,$1.39
575,Leonid,Lyman,llymanfy@paginegialle.it,Male,128.216.196.193,$8.66
576,Ailey,Eyden,aeydenfz@hubpages.com,Female,134.109.150.212,$6.09
577,Jessie,Lowrie,jlowrieg0@omniture.com,Female,128.123.56.205,$6.50
578,Bert,Branscombe,bbranscombeg1@geocities.com,Female,127.189.55.93,$6.35
579,Vannie,Outright,voutrightg2@admin.ch,Female,216.210.235.60,$8.94
580,Clevey,Foort,cfoortg3@yahoo.com,Male,142.186.244.201,$2.43
581,Land,Skypp,lskyppg4@vinaora.com,Male,143.34.223.250,$0.59
582,Nappy,Oldridge,noldridgeg5@nps.gov,Male,105.64.181.113,$6.77
583,Pauly,Sealey,psealeyg6@kickstarter.com,Female,139.6.100.49,$2.21
584,Joye,Janaway,jjanawayg7@usa.gov,Female,157.105.97.228,$9.74
585,Ailyn,Grishukov,agrishukovg8@bbb.org,Female,39.89.122.195,$6.38
586,Nessa,Asch,naschg9@seesaa.net,Polygender,82.64.61.215,$1.48
587,Arturo,Twelvetrees,atwelvetreesga@naver.com,Male,145.11.35.131,$8.93
588,Cletus,Petkens,cpetkensgb@soup.io,Male,210.155.72.139,$6.09
589,Muffin,Burniston,mburnistongc@phpbb.com,Male,87.176.243.75,$0.50
590,Margarita,Forsythe,mforsythegd@timesonline.co.uk,Female,169.223.80.187,$4.46
591,Linc,Godain,lgodainge@gmpg.org,Male,249.120.147.0,$3.88
592,Ardra,Eilles,aeillesgf@smh.com.au,Female,57.15.38.135,$9.27
593,Dari,Sparshett,dsparshettgg@aboutads.info,Female,143.65.229.76,$1.01
594,Alena,Dunphy,adunphygh@163.com,Female,166.160.161.44,$1.75
595,Janine,Murdy,jmurdygi@google.ca,Female,159.173.31.32,$2.55
596,Hamel,Farre,hfarregj@cornell.edu,Male,142.51.1.59,$5.50
597,Rudolf,Gasperi,rgasperigk@state.gov,Male,110.214.103.50,$5.28
598,Claiborne,Wisher,cwishergl@illinois.edu,Male,211.219.23.235,$1.20
599,Saunders,Shoosmith,sshoosmithgm@freewebs.com,Male,129.175.175.248,$6.06
600,Forester,Geddes,fgeddesgn@smh.com.au,Male,239.106.241.23,$1.87
601,Merci,Champion,mchampiongo@zdnet.com,Female,121.60.26.22,$3.20
602,Milicent,Snartt,msnarttgp@usda.gov,Female,0.117.26.236,$1.78
603,Anica,Dobrowolski,adobrowolskigq@theguardian.com,Polygender,75.141.43.116,$1.17
604,Moises,Vatini,mvatinigr@merriam-webster.com,Male,15.90.110.11,$3.10
605,Dori,Amis,damisgs@soundcloud.com,Female,168.86.222.69,$7.78
606,Jourdain,Tessier,jtessiergt@amazon.co.jp,Male,24.8.205.40,$7.04
607,Cece,Brereton,cbreretongu@photobucket.com,Male,16.124.68.184,$9.53
608,Barnaby,Javes,bjavesgv@fotki.com,Male,36.153.241.15,$4.58
609,Diandra,Scamerdine,dscamerdinegw@nps.gov,Female,255.155.145.158,$3.46
610,Renato,Gerwood,rgerwoodgx@mapquest.com,Male,234.57.233.75,$8.37
611,Marysa,Hedlestone,mhedlestonegy@pinterest.com,Agender,175.236.88.26,$2.62
612,Camille,Rosenvasser,crosenvassergz@ibm.com,Female,44.57.205.226,$2.37
613,Christiana,Trevor,ctrevorh0@spiegel.de,Female,144.227.180.250,$4.01
614,Merlina,Marten,mmartenh1@squidoo.com,Female,128.161.28.67,$1.75
615,Querida,Braune,qbrauneh2@theatlantic.com,Female,194.227.11.55,$5.72
616,Zach,Dexter,zdexterh3@seattletimes.com,Male,229.198.122.198,$8.78
617,Hobey,Kordt,hkordth4@va.gov,Male,139.191.169.16,$4.47
618,Torr,Kelso,tkelsoh5@wisc.edu,Male,133.100.68.235,$3.62
619,Edi,Banstead,ebansteadh6@webnode.com,Female,24.15.94.42,$2.19
620,Gardie,Croisier,gcroisierh7@wired.com,Male,162.139.72.185,$8.03
621,Oralla,Cussen,ocussenh8@unc.edu,Female,88.200.51.175,$7.35
622,Alyson,Mabe,amabeh9@pen.io,Female,165.160.35.95,$1.96
623,Adrian,Connaughton,aconnaughtonha@jimdo.com,Male,47.167.84.224,$1.34
624,Chickie,Lillgard,clillgardhb@zdnet.com,Male,40.201.221.54,$1.14
625,Janos,Rushforth,jrushforthhc@last.fm,Male,188.45.83.100,$9.41
626,Maximilian,Sainteau,msainteauhd@va.gov,Male,20.84.20.244,$2.11
627,Skipp,Ghiriardelli,sghiriardellihe@paypal.com,Male,129.110.115.112,$6.90
628,Valeda,Gianuzzi,vgianuzzihf@bandcamp.com,Female,210.0.172.38,$9.96
629,Reggie,Tuckerman,rtuckermanhg@netvibes.com,Male,238.227.96.75,$1.19
630,Dallas,Geeve,dgeevehh@cdbaby.com,Male,179.149.230.42,$8.75
631,Marjie,Baybutt,mbaybutthi@mashable.com,Female,50.93.153.224,$5.01
632,Dwain,Jeremiah,djeremiahhj@bigcartel.com,Male,152.8.139.100,$0.93
633,Marlie,Blakeman,mblakemanhk@ed.gov,Female,198.113.98.155,$6.73
634,Chickie,Oliphand,coliphandhl@unicef.org,Male,209.75.59.157,$0.20
635,Taber,Padkin,tpadkinhm@msn.com,Bigender,122.74.210.216,$6.70
636,Mauricio,Dauber,mdauberhn@spiegel.de,Male,188.156.213.120,$1.82
637,Caye,McCobb,cmccobbho@lulu.com,Female,91.133.78.244,$5.12
638,Rozalie,Galliard,rgalliardhp@hp.com,Female,240.94.182.161,$1.70
639,Melly,House,mhousehq@bbb.org,Female,134.205.20.131,$2.87
640,Jemie,Rickell,jrickellhr@nba.com,Female,220.250.49.246,$9.66
641,Averyl,Roth,arothhs@gnu.org,Female,8.215.230.230,$9.07
642,Nadiya,Veivers,nveiversht@hibu.com,Female,170.184.52.255,$0.37
643,Luca,Summerfield,lsummerfieldhu@pinterest.com,Non-binary,64.135.130.135,$8.81
644,Dewey,Gaunt,dgaunthv@narod.ru,Male,21.251.112.232,$9.04
645,Xenia,Hasnney,xhasnneyhw@canalblog.com,Female,186.202.246.166,$9.66
646,Judi,Mash,jmashhx@zdnet.com,Non-binary,162.151.50.35,$4.53
647,Annabell,Farnan,afarnanhy@dmoz.org,Female,147.55.200.89,$0.10
648,Stacy,Farman,sfarmanhz@moonfruit.com,Male,80.146.22.67,$5.54
649,Beverlee,Dinnis,bdinnisi0@booking.com,Non-binary,238.108.7.242,$8.27
650,Ninnetta,Heningam,nheningami1@w3.org,Female,185.114.248.126,$5.61
651,Carma,Fernandes,cfernandesi2@cnet.com,Female,14.15.32.192,$0.11
652,Yves,Lawley,ylawleyi3@cyberchimps.com,Male,237.149.7.248,$8.86
653,Giffy,Ayers,gayersi4@ifeng.com,Male,213.41.87.214,$1.50
654,Hester,Perkinson,hperkinsoni5@java.com,Female,235.180.33.12,$6.00
655,Faina,Edridge,fedridgei6@twitter.com,Female,38.192.134.51,$9.27
656,Gregorio,Jeness,gjenessi7@altervista.org,Male,184.238.150.133,$5.44
657,Maurita,Bote,mbotei8@who.int,Female,254.108.209.163,$5.07
658,Rudyard,Sherry,rsherryi9@sun.com,Male,0.207.71.97,$0.84
659,Bren,Lys,blysia@merriam-webster.com,Female,187.40.241.113,$4.18
660,Madelon,Barden,mbardenib@i2i.jp,Genderqueer,221.167.106.163,$1.04
661,Ruthie,Shalloo,rshallooic@360.cn,Female,120.7.119.140,$4.97
662,Bernadina,Goakes,bgoakesid@cargocollective.com,Female,35.77.255.93,$8.96
663,Kip,Vampouille,kvampouilleie@mapy.cz,Male,146.63.248.18,$7.52
664,Robinson,Moralas,rmoralasif@histats.com,Bigender,116.115.239.67,$1.89
665,Ira,Addionizio,iaddionizioig@umich.edu,Female,211.106.203.21,$7.92
666,Rheba,Kepling,rkeplingih@wikispaces.com,Female,98.160.246.170,$2.17
667,Veradis,Jowling,vjowlingii@google.de,Female,14.199.9.0,$8.48
668,Ronna,Horsburgh,rhorsburghij@icq.com,Female,197.102.249.67,$9.88
669,Siffre,Enterlein,senterleinik@fotki.com,Male,40.17.228.103,$5.78
670,Gasper,Croutear,gcroutearil@free.fr,Male,219.169.138.190,$4.06
671,Klaus,Whitefoot,kwhitefootim@posterous.com,Male,110.2.67.30,$4.37
672,Leonerd,Lanphier,llanphierin@mapy.cz,Male,246.50.45.236,$6.26
673,Hilary,MacCulloch,hmaccullochio@skyrock.com,Genderfluid,217.113.243.110,$0.22
674,Aggy,Trimby,atrimbyip@mapquest.com,Female,127.37.220.131,$2.45
675,Parrnell,Newham,pnewhamiq@uol.com.br,Male,145.84.213.53,$5.06
676,Caroljean,Maharry,cmaharryir@w3.org,Female,252.239.252.105,$8.34
677,Frankie,Whale,fwhaleis@bluehost.com,Male,118.75.137.149,$5.64
678,Leonanie,Shergold,lshergoldit@chronoengine.com,Female,120.137.32.208,$8.92
679,Thoma,Menauteau,tmenauteauiu@dagondesign.com,Male,21.170.72.75,$2.41
680,Carlin,Dmisek,cdmisekiv@ucoz.ru,Female,232.0.122.247,$2.18
681,Brita,Portail,bportailiw@liveinternet.ru,Female,174.45.135.178,$2.09
682,Vivyanne,Fever,vfeverix@google.com.au,Female,71.252.202.145,$3.17
683,Nancie,Dunridge,ndunridgeiy@mac.com,Female,206.128.66.174,$4.48
684,Garnette,Vynarde,gvynardeiz@kickstarter.com,Female,140.161.108.149,$3.15
685,Mathias,Spry,mspryj0@aol.com,Male,213.10.170.16,$0.44
686,Raddy,Lusted,rlustedj1@comsenz.com,Male,7.149.117.185,$9.71
687,Giles,Radwell,gradwellj2@sogou.com,Male,15.168.11.39,$3.60
688,Mallissa,Poschel,mposchelj3@ox.ac.uk,Female,63.247.27.195,$5.11
689,Denys,Shovlin,dshovlinj4@wikispaces.com,Polygender,237.222.29.211,$8.07
690,Skell,Nutbeem,snutbeemj5@edublogs.org,Bigender,107.186.206.161,$8.45
691,Pegeen,Grzeskowski,pgrzeskowskij6@bloglines.com,Agender,131.11.48.163,$0.91
692,Spike,Eustis,seustisj7@over-blog.com,Male,207.107.174.139,$3.77
693,Mac,Mackrell,mmackrellj8@bigcartel.com,Male,237.144.108.92,$1.22
694,Gunther,Cheak,gcheakj9@ox.ac.uk,Non-binary,6.217.109.161,$6.12
695,Odessa,Wilcocks,owilcocksja@wordpress.org,Female,203.126.29.28,$3.71
696,Trudie,Teas,tteasjb@eventbrite.com,Female,60.190.18.98,$3.99
697,Theo,Giacovazzo,tgiacovazzojc@hud.gov,Female,149.243.110.115,$0.03
698,Shandeigh,Bye,sbyejd@house.gov,Female,113.88.147.245,$2.18
699,Cathrin,Lumm,clummje@fema.gov,Female,146.47.25.17,$4.41
700,Verne,Grigore,vgrigorejf@apache.org,Male,4.174.16.159,$9.04
701,Reider,Learmonth,rlearmonthjg@hao123.com,Male,35.222.121.193,$9.47
702,Blair,Zorener,bzorenerjh@berkeley.edu,Female,53.173.111.25,$1.05
703,Noella,Luca,nlucaji@example.com,Female,166.151.238.102,$2.14
704,Ariadne,Dosdale,adosdalejj@ed.gov,Female,119.31.24.52,$2.80
705,Crin,Slark,cslarkjk@1und1.de,Female,111.203.218.52,$1.50
706,Diann,Reignolds,dreignoldsjl@ow.ly,Female,98.45.60.41,$9.83
707,Winifred,Curror,wcurrorjm@sina.com.cn,Female,213.134.121.134,$5.35
708,Lauryn,Cocher,lcocherjn@icq.com,Female,205.108.23.195,$9.74
709,Hans,Lesslie,hlessliejo@kickstarter.com,Male,71.188.4.247,$1.42
710,Rutherford,Berryann,rberryannjp@barnesandnoble.com,Male,13.187.254.180,$9.47
711,Curcio,Lothean,clotheanjq@engadget.com,Male,159.198.197.54,$2.92
712,Amandy,Haizelden,ahaizeldenjr@smh.com.au,Female,95.4.159.246,$1.76
713,Alexis,Harbar,aharbarjs@example.com,Male,64.130.204.98,$3.82
714,Maxie,Myhill,mmyhilljt@behance.net,Male,69.111.153.138,$3.11
715,Cara,Tanby,ctanbyju@noaa.gov,Female,45.54.232.128,$9.21
716,Marcello,Digby,mdigbyjv@vinaora.com,Male,138.240.84.247,$9.85
717,Pooh,Blader,pbladerjw@icio.us,Genderqueer,225.42.98.155,$4.70
718,Janey,Siward,jsiwardjx@ustream.tv,Female,171.29.230.183,$4.89
719,Abigale,Curror,acurrorjy@example.com,Female,192.63.84.137,$8.85
720,Antony,Marsie,amarsiejz@nih.gov,Male,118.75.115.81,$9.58
721,Guido,Moorman,gmoormank0@tiny.cc,Male,65.133.1.187,$8.73
722,Marchall,Tuther,mtutherk1@reference.com,Polygender,163.117.227.254,$2.88
723,Scarface,Cornall,scornallk2@bizjournals.com,Agender,79.236.187.96,$6.98
724,Tommie,Wawer,twawerk3@prweb.com,Male,203.255.123.245,$7.28
725,Claudina,Mouan,cmouank4@domainmarket.com,Non-binary,211.118.206.230,$1.32
726,Kathrine,Polhill,kpolhillk5@umn.edu,Female,223.205.16.65,$9.00
727,Morganne,Murrum,mmurrumk6@google.com,Female,113.70.133.225,$9.30
728,Joanne,Dolling,jdollingk7@dyndns.org,Female,10.70.159.177,$0.88
729,Reginald,O' Reagan,roreagank8@google.com.au,Male,189.35.13.214,$5.84
730,Julieta,Bartak,jbartakk9@google.co.jp,Female,119.194.13.163,$3.43
731,Dyna,Cianelli,dcianellika@domainmarket.com,Female,136.92.218.66,$6.79
732,Terza,Wakley,twakleykb@youtube.com,Polygender,31.205.3.156,$0.44
733,Rawley,Heibel,rheibelkc@scientificamerican.com,Male,93.145.19.93,$0.20
734,Ethel,Winear,ewinearkd@google.nl,Female,208.32.49.251,$7.80
735,Cassie,Godehard.sf,cgodehardsfke@technorati.com,Female,216.197.74.236,$8.57
736,Theresina,Cromarty,tcromartykf@so-net.ne.jp,Female,37.2.245.107,$4.70
737,Consalve,Davidek,cdavidekkg@boston.com,Genderfluid,191.32.204.96,$7.17
738,Konstantin,Nice,knicekh@people.com.cn,Male,233.121.211.150,$0.70
739,Zolly,Bleything,zbleythingki@accuweather.com,Male,178.179.163.224,$8.20
740,Susan,Tantrum,stantrumkj@fema.gov,Female,16.85.248.33,$4.00
741,Anselma,Cummine,acumminekk@jimdo.com,Female,68.133.126.146,$1.82
742,Olympe,Whiterod,owhiterodkl@arizona.edu,Female,179.82.251.83,$3.56
743,Mylo,Banyard,mbanyardkm@google.de,Male,162.110.137.44,$0.24
744,Brynn,Yellowley,byellowleykn@vimeo.com,Female,185.79.156.252,$2.52
745,Shirlene,Akester,sakesterko@chronoengine.com,Female,162.135.102.135,$7.50
746,Riley,Van Haeften,rvanhaeftenkp@blinklist.com,Bigender,48.103.189.77,$7.35
747,Britteny,Tearney,btearneykq@nbcnews.com,Female,27.98.118.122,$0.66
748,Fae,Beckhurst,fbeckhurstkr@ihg.com,Female,35.152.249.126,$6.56
749,Kordula,Halladay,khalladayks@ft.com,Female,232.138.124.128,$2.08
750,Delilah,Trass,dtrasskt@mozilla.org,Female,118.78.73.100,$9.74
751,Brock,Chalice,bchaliceku@rakuten.co.jp,Male,227.95.213.145,$0.14
752,Nike,Stanex,nstanexkv@artisteer.com,Female,41.136.205.66,$0.84
753,Dorise,Rakes,drakeskw@github.com,Female,144.67.101.58,$7.09
754,Ashbey,Bingall,abingallkx@de.vu,Male,133.246.33.170,$2.73
755,Donnie,Jouanet,djouanetky@patch.com,Male,13.71.81.250,$9.68
756,Keelby,Tapner,ktapnerkz@berkeley.edu,Male,126.111.98.53,$5.50
757,Candice,Broseke,cbrosekel0@i2i.jp,Female,113.53.76.50,$6.52
758,Rory,Joyner,rjoynerl1@umich.edu,Female,141.252.86.53,$2.40
759,Jill,Rowbrey,jrowbreyl2@diigo.com,Female,111.50.205.177,$7.44
760,Theobald,Clamp,tclampl3@reference.com,Male,130.92.158.16,$3.79
761,Kimberley,Luciani,klucianil4@meetup.com,Female,102.97.205.103,$5.60
762,Ursala,Krysiak,ukrysiakl5@tinypic.com,Female,59.197.94.16,$8.28
763,Merilyn,Tuffell,mtuffelll6@addthis.com,Female,235.47.132.123,$9.06
764,Teddie,Bennetts,tbennettsl7@berkeley.edu,Male,250.166.195.215,$8.36
765,Nils,Handrock,nhandrockl8@pen.io,Male,156.109.26.251,$6.50
766,Tiphanie,Seawell,tseawelll9@ask.com,Female,149.129.190.200,$1.72
767,Heath,Lambole,hlambolela@wikispaces.com,Female,74.199.136.131,$0.79
768,Alick,Schulze,aschulzelb@slashdot.org,Male,80.203.103.252,$3.35
769,Sherie,Pund,spundlc@omniture.com,Genderqueer,73.1.54.203,$5.09
770,Donavon,Dudek,ddudekld@oaic.gov.au,Male,97.208.71.182,$3.54
771,Samaria,Doggart,sdoggartle@goo.gl,Female,200.36.24.192,$0.44
772,Garwin,Bawle,gbawlelf@npr.org,Male,207.80.92.122,$1.82
773,Filippo,Seabridge,fseabridgelg@washington.edu,Male,51.198.55.202,$0.80
774,Leland,Hovenden,lhovendenlh@sina.com.cn,Male,72.253.152.196,$3.93
775,Tiebout,Ramiro,tramiroli@t.co,Male,222.68.98.108,$5.85
776,Justen,Uman,jumanlj@vkontakte.ru,Male,96.137.217.175,$9.87
777,Roanne,Morgans,rmorganslk@ucoz.com,Female,173.227.50.97,$3.00
778,Kaela,Ruzicka,kruzickall@squarespace.com,Female,20.248.142.184,$1.24
779,Tuckie,Perigeaux,tperigeauxlm@homestead.com,Male,177.167.13.150,$8.95
780,Arlen,Kondratovich,akondratovichln@about.com,Male,235.253.108.240,$1.21
781,Waldon,Greene,wgreenelo@unicef.org,Genderqueer,146.172.202.150,$6.11
782,Annabelle,Ambrosetti,aambrosettilp@icio.us,Female,75.71.78.22,$4.58
783,Art,Kindell,akindelllq@nbcnews.com,Male,128.148.67.81,$1.36
784,Glenda,Derbyshire,gderbyshirelr@amazon.co.uk,Female,142.142.165.230,$9.67
785,Huey,Scoggan,hscogganls@blogs.com,Male,168.15.33.179,$6.80
786,Gare,Mattaus,gmattauslt@ed.gov,Male,42.163.96.130,$9.86
787,Moira,Kilfether,mkilfetherlu@skype.com,Female,102.113.1.122,$1.11
788,Rolland,Astie,rastielv@zdnet.com,Male,12.134.242.250,$9.19
789,Fletch,Kinsella,fkinsellalw@cpanel.net,Genderfluid,248.127.117.13,$2.38
790,Lane,Hamlett,lhamlettlx@cafepress.com,Female,76.234.44.128,$1.07
791,Sallie,Ritchley,sritchleyly@opera.com,Non-binary,71.191.185.109,$1.86
792,Dosi,Leverington,dleveringtonlz@e-recht24.de,Female,238.64.227.0,$4.96
793,Cherry,Lidgey,clidgeym0@shareasale.com,Female,59.18.90.13,$4.94
794,Veronika,Romain,vromainm1@noaa.gov,Female,137.148.78.36,$3.01
795,Amalie,Mogey,amogeym2@ycombinator.com,Female,25.51.154.124,$4.33
796,Wendel,Varian,wvarianm3@virginia.edu,Male,157.173.34.126,$0.27
797,Doris,Tolerton,dtolertonm4@ucoz.com,Female,67.116.41.49,$8.52
798,Willa,Matveiko,wmatveikom5@wordpress.com,Female,84.105.32.230,$6.80
799,Kandy,Bradberry,kbradberrym6@sciencedaily.com,Female,6.76.166.171,$8.51
800,Tandi,Kinnach,tkinnachm7@moonfruit.com,Female,210.2.102.178,$5.44
801,Thomasin,Corner,tcornerm8@tmall.com,Female,223.236.78.199,$8.54
802,Sol,Slad,ssladm9@vk.com,Non-binary,125.241.59.56,$5.80
803,Saba,Witt,swittma@marriott.com,Female,210.124.18.114,$2.99
804,Skell,Curgenven,scurgenvenmb@opensource.org,Male,134.164.166.240,$4.18
805,Ring,Attawell,rattawellmc@nymag.com,Male,81.110.140.230,$4.82
806,Kristofor,Keable,kkeablemd@shareasale.com,Bigender,29.46.159.136,$7.51
807,Vera,Ivanov,vivanovme@tuttocitta.it,Female,249.236.241.140,$7.01
808,Brenn,Kline,bklinemf@npr.org,Female,208.62.219.163,$7.24
809,Tanner,Camin,tcaminmg@flickr.com,Male,88.20.26.8,$6.77
810,Agnola,Swanne,aswannemh@ed.gov,Female,104.18.79.229,$9.10
811,Orelia,Jeckell,ojeckellmi@youku.com,Female,122.156.140.22,$7.06
812,Alayne,Espie,aespiemj@posterous.com,Female,165.198.7.50,$8.04
813,Philipa,Ewings,pewingsmk@nationalgeographic.com,Female,75.83.40.82,$6.06
814,Falkner,Busch,fbuschml@geocities.jp,Male,45.75.177.122,$2.72
815,Waring,Gascoigne,wgascoignemm@bloglines.com,Male,121.165.83.28,$6.97
816,Lani,Calton,lcaltonmn@amazon.co.uk,Female,152.34.68.246,$3.90
817,Cathi,Burle,cburlemo@wired.com,Female,248.165.152.211,$3.06
818,Otto,Majury,omajurymp@ucoz.ru,Male,118.100.104.110,$6.18
819,Grenville,Taffley,gtaffleymq@nps.gov,Male,61.204.236.199,$5.64
820,Henrieta,Leslie,hlesliemr@fc2.com,Female,106.64.132.198,$2.61
821,Juliane,Pascoe,jpascoems@theglobeandmail.com,Female,61.193.60.73,$2.20
822,Kendre,Rolfini,krolfinimt@miitbeian.gov.cn,Female,241.243.42.65,$3.88
823,Maddie,Dungey,mdungeymu@mediafire.com,Male,41.121.171.206,$1.80
824,Birgit,Geistmann,bgeistmannmv@parallels.com,Female,219.165.244.183,$5.40
825,Milka,Jayme,mjaymemw@china.com.cn,Female,193.184.43.55,$4.47
826,Anders,Groundwator,agroundwatormx@bandcamp.com,Male,179.154.214.39,$4.57
827,Tremain,Robertot,trobertotmy@mit.edu,Bigender,73.82.148.26,$9.73
828,Sheff,Fattorini,sfattorinimz@dmoz.org,Male,143.101.91.196,$5.80
829,Mandy,Cuschieri,mcuschierin0@theglobeandmail.com,Female,11.189.83.119,$7.24
830,Ginevra,De Clairmont,gdeclairmontn1@fda.gov,Female,189.178.44.184,$8.57
831,Randell,Vernazza,rvernazzan2@trellian.com,Male,63.170.3.111,$2.28
832,Tomlin,Ayars,tayarsn3@alibaba.com,Male,104.30.228.166,$9.23
833,Cornell,Downham,cdownhamn4@house.gov,Male,88.226.127.81,$2.52
834,Ivette,D'Abbot-Doyle,idabbotdoylen5@wufoo.com,Female,25.191.81.169,$0.15
835,Derick,Cavey,dcaveyn6@seattletimes.com,Male,211.118.44.119,$6.84
836,Waiter,Beminster,wbeminstern7@ihg.com,Male,186.111.172.87,$5.31
837,Elfreda,Ulyet,eulyetn8@boston.com,Female,35.244.118.39,$6.35
838,Wald,Leitche,wleitchen9@blogtalkradio.com,Male,201.225.3.252,$1.21
839,Goldie,Magauran,gmagauranna@berkeley.edu,Female,116.157.141.10,$9.37
840,Randal,Banghe,rbanghenb@lycos.com,Male,29.96.103.155,$2.46
841,Worden,Litel,wlitelnc@omniture.com,Male,1.149.210.154,$7.46
842,Sylas,Warboys,swarboysnd@nih.gov,Agender,187.125.200.28,$8.33
843,Darleen,Garza,dgarzane@craigslist.org,Female,19.20.110.67,$1.17
844,Maddalena,Heister,mheisternf@google.co.uk,Female,9.180.188.143,$5.70
845,Arie,Fellis,afellisng@fema.gov,Male,17.132.25.244,$4.56
846,Agna,Lidyard,alidyardnh@simplemachines.org,Genderqueer,252.123.99.95,$5.47
847,Merrili,Tofful,mtoffulni@princeton.edu,Female,233.141.43.174,$1.23
848,Damiano,Ballantyne,dballantynenj@blinklist.com,Agender,103.46.211.189,$3.93
849,Gabey,Marson,gmarsonnk@si.edu,Female,96.210.42.106,$4.31
850,Elsinore,Tiffany,etiffanynl@e-recht24.de,Female,225.133.101.146,$9.32
851,Pierre,Drewell,pdrewellnm@google.com.br,Male,168.31.216.59,$8.20
852,Piggy,Chinnock,pchinnocknn@wikipedia.org,Bigender,241.177.212.93,$6.74
853,Cairistiona,Hame,chameno@youtube.com,Female,143.134.190.16,$1.91
854,Oralla,Gowans,ogowansnp@yahoo.com,Female,246.71.233.173,$6.65
855,Rufus,Carle,rcarlenq@deviantart.com,Male,21.226.64.137,$2.82
856,Trula,Avrahm,tavrahmnr@rakuten.co.jp,Female,87.108.185.36,$5.78
857,Thorpe,Alentyev,talentyevns@msu.edu,Male,212.214.241.117,$8.10
858,Hans,Powter,hpowternt@auda.org.au,Male,177.208.14.170,$9.55
859,Suzanne,McKim,smckimnu@photobucket.com,Female,156.153.150.139,$3.77
860,Basia,Anderton,bandertonnv@angelfire.com,Female,116.237.65.135,$1.08
861,Jonas,Lyddy,jlyddynw@youtu.be,Male,36.16.169.178,$5.22
862,Hedda,Portail,hportailnx@prweb.com,Female,233.53.123.188,$7.15
863,Hadleigh,Baitey,hbaiteyny@house.gov,Male,14.95.168.151,$2.16
864,Angus,Fairy,afairynz@irs.gov,Male,27.254.123.112,$4.49
865,Zilvia,MacLoughlin,zmacloughlino0@unicef.org,Agender,147.224.252.54,$9.45
866,Arlen,Butter,abuttero1@dedecms.com,Female,204.117.147.182,$0.47
867,Gussy,Colliar,gcolliaro2@youtube.com,Female,26.219.64.211,$3.49
868,Michaela,Clapson,mclapsono3@netlog.com,Female,49.136.134.225,$0.55
869,Dewie,Bassingham,dbassinghamo4@youku.com,Male,193.15.37.2,$7.06
870,Felice,Severns,fsevernso5@npr.org,Polygender,13.203.118.90,$8.83
871,Sapphire,Petzold,spetzoldo6@ifeng.com,Female,17.40.130.197,$2.80
872,Steward,Rosenblum,srosenblumo7@umich.edu,Male,239.83.159.232,$1.05
873,Diandra,Klemmt,dklemmto8@jiathis.com,Female,136.96.179.9,$2.88
874,Tamarah,Mayfield,tmayfieldo9@state.tx.us,Female,64.219.116.78,$6.56
875,Barnabe,Ruberry,bruberryoa@macromedia.com,Male,248.159.188.109,$0.08
876,Brandea,Geddes,bgeddesob@sogou.com,Female,222.132.13.107,$1.00
877,Cello,Ramelot,cramelotoc@techcrunch.com,Male,242.49.131.214,$7.06
878,Barbi,Fellnee,bfellneeod@aol.com,Female,58.152.5.19,$9.26
879,Philip,Hyndes,phyndesoe@vk.com,Male,95.101.212.72,$9.59
880,Jacquetta,Twelvetrees,jtwelvetreesof@tmall.com,Female,30.190.4.169,$1.73
881,Fraser,Jeenes,fjeenesog@sphinn.com,Male,17.40.138.227,$5.13
882,Demetria,Flewan,dflewanoh@devhub.com,Female,226.120.253.31,$8.36
883,Lanette,Usherwood,lusherwoodoi@booking.com,Female,2.185.81.9,$7.88
884,Ebeneser,Brown,ebrownoj@virginia.edu,Male,20.10.10.198,$9.98
885,Winni,Widdows,wwiddowsok@aol.com,Female,22.34.128.157,$2.35
886,Bradly,Warder,bwarderol@amazon.de,Male,130.100.48.167,$3.72
887,Noah,Maguire,nmaguireom@washingtonpost.com,Male,83.185.155.130,$3.74
888,Kylen,Askam,kaskamon@wordpress.org,Female,154.221.67.216,$2.83
889,Pooh,Dallyn,pdallynoo@washington.edu,Female,84.113.54.149,$6.53
890,Addie,Havik,ahavikop@paypal.com,Genderfluid,180.109.194.103,$2.82
891,Tito,Biggadyke,tbiggadykeoq@hugedomains.com,Genderfluid,56.126.0.249,$4.93
892,Wolfie,Trynor,wtrynoror@nationalgeographic.com,Polygender,26.42.40.31,$7.35
893,Jenelle,Donlon,jdonlonos@engadget.com,Female,108.9.114.165,$9.21
894,Hollis,Greder,hgrederot@cdc.gov,Male,200.59.80.235,$0.45
895,Aila,Keigher,akeigherou@tuttocitta.it,Female,13.132.88.8,$0.21
896,Betteann,Heavens,bheavensov@reuters.com,Female,43.162.32.77,$9.08
897,Catina,Burgane,cburganeow@privacy.gov.au,Female,68.17.188.199,$0.98
898,Larine,Drakard,ldrakardox@zimbio.com,Female,40.188.142.83,$4.97
899,Alli,Mayoh,amayohoy@cornell.edu,Female,171.38.243.225,$2.61
900,Marieann,MacGeaney,mmacgeaneyoz@nydailynews.com,Female,99.129.225.195,$6.28
901,Levin,Wyche,lwychep0@theglobeandmail.com,Male,107.161.196.120,$5.30
902,Cody,Boughtflower,cboughtflowerp1@networkadvertising.org,Male,104.228.14.42,$4.71
903,Janaya,Sahnow,jsahnowp2@discovery.com,Female,19.129.215.42,$2.70
904,Meghann,Nazair,mnazairp3@hud.gov,Female,13.53.81.235,$3.25
905,Marsh,de Guise,mdeguisep4@infoseek.co.jp,Male,114.103.98.135,$2.65
906,Georgianne,Gobbet,ggobbetp5@ezinearticles.com,Female,213.149.22.189,$5.68
907,Kellie,Kingsnorth,kkingsnorthp6@statcounter.com,Female,192.77.146.182,$8.20
908,Ruggiero,Schrir,rschrirp7@behance.net,Male,242.84.95.63,$0.16
909,Maximilian,Bustard,mbustardp8@macromedia.com,Male,248.46.152.29,$0.29
910,Haskell,Hobell,hhobellp9@comsenz.com,Male,165.6.204.1,$3.71
911,Christos,Milkins,cmilkinspa@ftc.gov,Male,126.176.168.230,$9.82
912,Corri,Sifflett,csifflettpb@ox.ac.uk,Polygender,163.137.29.205,$8.86
913,Letitia,Yackiminie,lyackiminiepc@dailymotion.com,Female,221.159.7.191,$4.34
914,Alejoa,Branscomb,abranscombpd@bbc.co.uk,Male,72.80.215.102,$2.47
915,Katerina,Britten,kbrittenpe@intel.com,Bigender,109.23.41.66,$4.21
916,Rhodie,Dellenbrok,rdellenbrokpf@bloglines.com,Female,220.96.63.108,$7.95
917,Karim,Bourgeois,kbourgeoispg@icq.com,Male,215.211.20.75,$6.57
918,Cointon,Swiffen,cswiffenph@google.com.hk,Genderqueer,186.232.46.190,$4.50
919,Iolanthe,McCleary,imcclearypi@studiopress.com,Female,194.128.0.96,$6.09
920,Osgood,Goodison,ogoodisonpj@icio.us,Male,14.79.147.47,$8.66
921,Worden,Sibbons,wsibbonspk@creativecommons.org,Male,156.179.122.60,$0.84
922,Corbin,Paulillo,cpaulillopl@buzzfeed.com,Male,42.49.154.99,$5.67
923,Clareta,Rogier,crogierpm@icq.com,Genderfluid,118.250.58.9,$8.94
924,Worthy,Bricket,wbricketpn@miibeian.gov.cn,Male,147.48.106.197,$1.51
925,Ingra,Adamiec,iadamiecpo@paginegialle.it,Male,63.189.162.172,$7.83
926,Freddi,Grievson,fgrievsonpp@engadget.com,Female,234.189.113.196,$3.57
927,Bobbi,Huckerbe,bhuckerbepq@reuters.com,Female,231.223.104.203,$5.79
928,Zared,Van Eeden,zvaneedenpr@cisco.com,Male,213.219.2.90,$1.51
929,Stephanus,Wedderburn,swedderburnps@imdb.com,Male,244.7.211.160,$2.99
930,Micheal,Macartney,mmacartneypt@addtoany.com,Genderqueer,223.128.80.114,$0.01
931,Maitilde,Readmire,mreadmirepu@cornell.edu,Female,133.65.54.99,$8.85
932,Hussein,Gammade,hgammadepv@merriam-webster.com,Male,67.121.98.179,$8.43
933,Terrance,Chalfont,tchalfontpw@163.com,Male,137.44.115.111,$7.05
934,Alexia,Grichukhin,agrichukhinpx@list-manage.com,Female,45.111.209.128,$4.57
935,Josee,Dixsee,jdixseepy@cargocollective.com,Female,246.193.252.216,$4.41
936,Preston,Foreman,pforemanpz@biglobe.ne.jp,Male,130.232.103.163,$2.30
937,Ertha,Alden,ealdenq0@comsenz.com,Female,127.108.110.110,$0.20
938,Tonya,Ren,trenq1@feedburner.com,Female,192.97.81.124,$6.33
939,Dionysus,Izhaky,dizhakyq2@imageshack.us,Male,16.170.54.48,$1.19
940,Matt,Shinfield,mshinfieldq3@dailymotion.com,Genderqueer,102.205.109.78,$9.27
941,Reinhard,Leipold,rleipoldq4@e-recht24.de,Male,67.232.66.51,$9.61
942,Kahaleel,Mortlock,kmortlockq5@unblog.fr,Male,44.237.210.206,$0.63
943,Ann,McNish,amcnishq6@sourceforge.net,Female,65.188.156.121,$4.18
944,Tanny,Shurville,tshurvilleq7@a8.net,Male,174.33.200.168,$9.63
945,Randy,Beardsdale,rbeardsdaleq8@de.vu,Male,77.232.191.123,$2.02
946,Travers,Tosspell,ttosspellq9@umich.edu,Male,83.143.135.229,$6.12
947,Linn,Ludlow,lludlowqa@cocolog-nifty.com,Male,221.93.69.16,$8.66
948,Shawn,Grinstead,sgrinsteadqb@npr.org,Male,249.232.142.178,$8.07
949,Milli,Laying,mlayingqc@who.int,Female,45.188.145.45,$3.81
950,Shelby,Cassella,scassellaqd@imdb.com,Female,190.255.143.19,$7.42
951,Jamaal,Golden,jgoldenqe@behance.net,Male,124.47.69.28,$3.38
952,Lizbeth,Hawler,lhawlerqf@bloglines.com,Female,72.216.100.233,$3.90
953,Angus,Atack,aatackqg@about.me,Male,36.68.255.152,$8.57
954,Silvanus,Jeskins,sjeskinsqh@twitpic.com,Male,66.31.248.45,$5.35
955,Pace,Berrygun,pberrygunqi@psu.edu,Male,140.125.31.206,$0.11
956,Sonny,Spoors,sspoorsqj@epa.gov,Female,94.177.206.225,$6.16
957,Remus,Wewell,rwewellqk@surveymonkey.com,Male,213.243.53.49,$8.16
958,Itch,Laurent,ilaurentql@cyberchimps.com,Male,237.181.179.27,$5.50
959,Minetta,Orleton,morletonqm@dyndns.org,Female,27.9.141.181,$6.74
960,Olympia,Chart,ochartqn@webnode.com,Female,144.41.111.119,$5.71
961,Pooh,Somerled,psomerledqo@washingtonpost.com,Female,197.88.208.173,$0.01
962,Granny,Swepstone,gswepstoneqp@prlog.org,Male,193.66.131.235,$9.43
963,Homerus,Tuison,htuisonqq@oaic.gov.au,Male,192.144.86.39,$8.63
964,Rolph,Garvin,rgarvinqr@mozilla.com,Male,54.0.201.19,$3.65
965,Alwin,Richarson,aricharsonqs@angelfire.com,Male,108.234.224.56,$5.59
966,Jere,Coughan,jcoughanqt@newyorker.com,Female,130.223.191.199,$6.09
967,Margaretha,Lowell,mlowellqu@redcross.org,Female,29.109.214.225,$6.61
968,Felike,Puddifer,fpuddiferqv@seattletimes.com,Male,165.46.98.73,$9.20
969,Marin,Blackden,mblackdenqw@i2i.jp,Female,50.47.110.222,$1.94
970,Evonne,Noweak,enoweakqx@stumbleupon.com,Female,174.54.195.77,$8.93
971,Norma,Schott,nschottqy@tamu.edu,Female,160.113.141.97,$4.51
972,Cecil,Beer,cbeerqz@cnn.com,Male,106.27.12.216,$2.50
973,Abraham,Woolger,awoolgerr0@plala.or.jp,Male,12.144.190.144,$6.56
974,Berne,Baynard,bbaynardr1@t.co,Male,154.54.139.212,$8.75
975,Lucais,Worsfield,lworsfieldr2@ehow.com,Male,90.12.243.142,$8.69
976,Bevon,Menichini,bmenichinir3@fotki.com,Male,223.37.124.60,$2.79
977,Amber,Filewood,afilewoodr4@angelfire.com,Female,177.2.66.125,$8.74
978,Lorraine,Stealfox,lstealfoxr5@feedburner.com,Female,197.98.95.158,$0.80
979,Patricia,Brookwood,pbrookwoodr6@ameblo.jp,Female,87.246.178.221,$4.09
980,Nefen,Gooden,ngoodenr7@economist.com,Male,132.13.43.164,$4.09
981,Nert,Evered,neveredr8@gravatar.com,Female,230.152.219.171,$0.40
982,Darsie,Bufton,dbuftonr9@prnewswire.com,Female,242.120.11.8,$5.75
983,Tirrell,Spellessy,tspellessyra@ed.gov,Male,75.157.210.147,$2.68
984,Farr,Valenti,fvalentirb@furl.net,Male,96.188.34.8,$9.84
985,Bebe,Bromage,bbromagerc@desdev.cn,Female,122.20.1.170,$1.94
986,Dolph,Allaker,dallakerrd@discuz.net,Male,145.24.111.60,$5.41
987,Miles,Mongan,mmonganre@chicagotribune.com,Male,30.37.11.220,$8.89
988,Anderea,Musgrove,amusgroverf@wsj.com,Polygender,83.14.36.84,$9.28
989,Brandise,Sivyour,bsivyourrg@thetimes.co.uk,Female,29.131.138.54,$3.45
990,Angele,Chapiro,achapirorh@symantec.com,Female,158.202.24.75,$6.99
991,Tillie,Troubridge,ttroubridgeri@google.ca,Female,225.144.166.104,$8.95
992,Bennie,Shaylor,bshaylorrj@wikia.com,Male,84.25.212.116,$8.40
993,Kinnie,Ryce,krycerk@example.com,Male,164.210.229.68,$2.72
994,Lucius,Pedersen,lpedersenrl@goo.ne.jp,Agender,84.238.58.247,$2.91
995,Isaiah,Clapshaw,iclapshawrm@canalblog.com,Male,54.194.54.165,$1.58
996,Siward,Chauvey,schauveyrn@csmonitor.com,Male,235.229.14.161,$4.97
997,Gay,Clousley,gclousleyro@scribd.com,Male,231.89.53.161,$0.62
998,Josiah,Hylden,jhyldenrp@histats.com,Male,204.56.76.136,$1.92
999,Torr,Isselee,tisseleerq@google.de,Male,66.235.175.248,$9.24
1000,Laraine,Tall,ltallrr@google.com,Female,216.36.53.191,$6.38
